,student id
0,9627703
1,9627973
2,9628243
3,9628203
4,9627793
5,9628073
6,9627863
7,9628153
8,9627463
9,9627453
10,9627443
11,9627353
12,9627343
13,9627213
14,40009963
15,9627203
16,9719124
17,9813764
18,9806154
19,9721374
20,9710694
21,9719474
22,9714284
23,9647923
24,9621704
25,9722074
26,9811814
27,9715364
28,9710114
29,9317145
30,9448503
31,9804634
32,9533563
33,9923633
34,9814774
35,9813154
36,9811764
37,9721794
38,9703574
39,9601814
40,9640043
41,9652163
42,9722644
43,9811524
44,9928004
45,9708024
46,9813074
47,9922694
48,9801754
49,9707574
50,9810404
51,9804984
52,9801544
53,9718364
54,9840704
55,9703874
56,9617024
57,9517695
58,9510084
59,9401815
60,9321453
61,9923944
62,9600635
63,40037213
64,9702184
65,9812914
66,9516725
67,9401715
68,9317235
69,9912174
70,9810704
71,9810544
72,9810054
73,9532833
74,9720124
75,9610174
76,9717944
77,9702674
78,9661354
79,9615864
80,9612824
81,9611494
82,9524363
83,9401745
84,9817874
85,9814964
86,9813794
87,9804074
88,9803634
89,9516475
90,9720404
91,9708304
92,9542943
93,9523333
94,9909245
95,9908995
96,9908645
97,9908425
98,9908505
99,9908125
100,9907885
101,9908585
102,9815344
103,9712914
104,9718734
105,9662773
106,9815054
107,9732383
108,9642143
109,9805774
110,9600125
111,9840525
112,9815644
113,9811314
114,9809744
115,9808994
116,9808724
117,9806504
118,9910694
119,9809564
120,9600365
121,9550233
122,9810194
123,9807584
124,9751373
125,9801794
126,9909325
127,9662575
128,9633343
129,9817594
130,9814714
131,9639883
132,40022013
133,9813204
134,9811624
135,9807204
136,9810124
137,9800875
138,9805204
139,9815434
140,9800465
141,9648903
142,9516545
143,40026594
144,9811964
145,9802614
146,9801784
147,9753083
148,9733843
149,9600595
150,40000395
151,40037104
152,40036875
153,9923974
154,9826383
155,9818054
156,9813324
157,9700725
158,9700435
159,9700395
160,9642063
161,9600855
162,9600185
163,9733823
164,9401865
165,9435863
166,9642223
167,9812104
168,9938323
169,9810254
170,9809804
171,9750244
172,9720164
173,9708974
174,9619874
175,9804454
176,9600065
177,9551293
178,9517685
179,98000713
180,40037204
181,40032714
182,9910834
183,9647433
184,9909345
185,9909395
186,9909265
187,9909215
188,9909175
189,9909075
190,9909065
191,9908855
192,9908845
193,9908685
194,9908625
195,9908495
196,9908455
197,9908445
198,9908875
199,9908305
200,9908315
201,9908275
202,9908205
203,9908155
204,9908105
205,234
206,9908015
207,9907985
208,9907855
209,9907925
210,9902803
211,9908035
212,9818224
213,9813054
214,9807124
215,9803174
216,9802354
217,9801554
218,9800725
219,9800535
220,9800455
221,9751354
222,9724044
223,9732003
224,9708794
225,9707854
226,9719074
227,9800645
228,9702954
229,9700105
230,9701005
231,9646483
232,9643623
233,9600915
234,9600645
235,9540383
236,9519243
237,9516665
238,9600055
239,40028854
240,40009753
241,40007963
242,9939243
243,9927284
244,9916874
245,9915484
246,9914214
247,9909604
248,9917444
249,9840954
250,9840543
251,9818184
252,9818174
253,9815914
254,9813534
255,9809104
256,9808514
257,9803134
258,9727603
259,9808754
260,9720004
261,9705534
262,9642923
263,9535233
264,9833944
265,9815724
266,9809534
267,9807284
268,9600745
269,9423443
270,40030234
271,9943754
272,9928334
273,9926714
274,9926034
275,9924594
276,9921484
277,9922974
278,9918494
279,9917094
280,9916904
281,9915794
282,9910094
283,9910594
284,9915314
285,9909425
286,9833914
287,9824503
288,9816674
289,9816044
290,9815944
291,9815184
292,9812084
293,9812474
294,9811164
295,9810654
296,9809714
297,9808664
298,9808254
299,9808234
300,9807564
301,9805184
302,9807544
303,9804594
304,9804404
305,9804164
306,9802994
307,9802944
308,9802844
309,9801244
310,9801614
311,9750254
312,9718294
313,9730553
314,9714684
315,9715104
316,9705414
317,9705394
318,9654743
319,9641063
320,9653043
321,9635123
322,9655453
323,9601065
324,9600435
325,9600225
326,9600145
327,9516285
328,9434023
329,9432403
330,40037193
331,40037185
332,40037175
333,40037165
334,40037134
335,40037114
336,40037094
337,40037074
338,40037064
339,40037034
340,40037014
341,40037004
342,40036934
343,40036814
344,40021793
345,40008853
346,40008433
347,40008093
348,40007973
349,40006463
350,9927504
351,9928164
352,9925244
353,9923924
354,9920714
355,9920494
356,9920454
357,9919214
358,9918134
359,9917044
360,9917244
361,9916474
362,9915814
363,9913904
364,9912334
365,9913274
366,9912024
367,9912014
368,9911634
369,9910904
370,9902593
371,9840214
372,9838543
373,9823923
374,9818064
375,9817794
376,9817394
377,9817094
378,9817004
379,9816194
380,9815954
381,9813744
382,9813734
383,9813624
384,9812904
385,9812174
386,9811074
387,9812124
388,9810584
389,9812964
390,9810514
391,9809044
392,9808904
393,9808074
394,9808144
395,9807004
396,9806324
397,9805554
398,9805334
399,9803724
400,9805254
401,9803154
402,9806254
403,9803024
404,9801484
405,9800065
406,9800995
407,9749985
408,9801394
409,9740813
410,9725263
411,9720134
412,9718934
413,9715494
414,9737733
415,9713434
416,9708244
417,9704694
418,9700675
419,9702974
420,9656605
421,9645283
422,9644143
423,9641713
424,9631823
425,9635933
426,9712674
427,9631563
428,9653093
429,9537363
430,9516845
431,9516395
432,9515184
433,9241103
434,40030804
435,40019903
436,40010893
437,9935443
438,9926354
439,9926574
440,9924234
441,9920634
442,9925764
443,9918654
444,9917784
445,9916584
446,9915264
447,9914764
448,9915204
449,9914084
450,9908665
451,9908865
452,9908535
453,9833954
454,9817504
455,9815534
456,9815234
457,9814534
458,9814384
459,9812654
460,9811534
461,9811384
462,9810904
463,9809904
464,9809464
465,9809334
466,9809024
467,9804914
468,9802184
469,9751704
470,9751503
471,9717303
472,9705254
473,9700555
474,9700095
475,9649563
476,9662525
477,9647753
478,9639113
479,9637623
480,9600825
481,9600295
482,9531173
483,40006783
484,40024445
485,40003303
486,40004643
487,9927124
488,9925804
489,9924104
490,9923004
491,9921574
492,9918904
493,9918264
494,9921024
495,9917434
496,9916974
497,9914314
498,9913194
499,9911534
500,9913064
501,9911164
502,9909045
503,9910274
504,9838523
505,9815544
506,9815694
507,9815134
508,9812784
509,9812484
510,9809874
511,9808094
512,9810344
513,9809524
514,9833974
515,9805874
516,9805234
517,9804204
518,9801454
519,9801434
520,9745833
521,9800225
522,9725163
523,9724513
524,9717343
525,9715374
526,9663403
527,9663223
528,9650903
529,9631003
530,9625435
531,9600355
532,9600265
533,9600115
534,9535893
535,9535673
536,9534653
537,9516865
538,9516435
539,9516415
540,40036973
541,40036993
542,40036964
543,40036865
544,40036804
545,40036694
546,9916384
547,9917964
548,9817704
549,9815384
550,9802374
551,9741243
552,9737243
553,9628413
554,9526003
555,9645053
556,9809234
557,40007243
558,9812394
559,9818443
560,9811394
561,9751843
562,9741573
563,9706024
564,9800275
565,9601085
566,9523713
567,9825703
568,9630253
569,9712294
570,40036734
571,40017673
572,9928653
573,9840624
574,9837253
575,9923554
576,9812374
577,9813434
578,9811434
579,9806724
580,9806674
581,9749995
582,9700865
583,9655733
584,9649073
585,9628473
586,9533523
587,9700545
588,9532743
589,9523703
590,9643203
591,40024154
592,40009813
593,9817744
594,9639973
595,9733783
596,9920234
597,9525103
598,99360863
599,40036913
600,40036903
601,40036793
602,40028594
603,40023993
604,40036893
605,40014833
606,40013513
607,40012033
608,9918194
609,9816734
610,9814344
611,9812304
612,9806904
613,9748413
614,9700275
615,9663133
616,9656273
617,9647343
618,9807354
619,9634223
620,9633073
621,9632923
622,9633013
623,9632513
624,9627933
625,9626353
626,9600705
627,9551383
628,9516685
629,9516325
630,9600885
631,9632153
632,9737303
633,9561743
634,40007853
635,9936003
636,40035275
637,40035124
638,40017633
639,40006073
640,9924614
641,40007913
642,9818024
643,9812814
644,99000723
645,40007393
646,9836903
647,9936643
648,9800895
649,9701145
650,9550073
651,9310103
652,40023903
653,9733313
654,40016143
655,9643143
656,40013743
657,40001043
658,9908345
659,40001393
660,9908025
661,9907103
662,9902513
663,9839763
664,9817904
665,9815374
666,9812064
667,9810954
668,9806974
669,9811864
670,9728783
671,9662963
672,9655953
673,9650533
674,9643103
675,9650413
676,9634873
677,9627093
678,9632453
679,99220453
680,40036883
681,40036113
682,40033834
683,40031134
684,40011493
685,40007513
686,40000495
687,9943784
688,9926904
689,9923634
690,9924584
691,9912534
692,9810774
693,9838513
694,9808194
695,9804824
696,9805844
697,9800945
698,9708184
699,9702654
700,9672703
701,9639413
702,9600475
703,9600085
704,9648363
705,9600015
706,9551435
707,40031014
708,40027084
709,98000703
710,40008693
711,9943734
712,40002963
713,9928114
714,9926644
715,9923184
716,9921084
717,9915584
718,9914104
719,9913604
720,9912774
721,9909235
722,9807044
723,9803374
724,9802114
725,9752893
726,9744843
727,9736803
728,9733973
729,9650663
730,9656113
731,9646873
732,9643033
733,9640333
734,9802104
735,9638803
736,9637693
737,9637473
738,9637373
739,9632693
740,9627513
741,9631483
742,9625873
743,9600735
744,9600605
745,9536163
746,9528763
747,9516675
748,40036873
749,40036853
750,40031334
751,40027974
752,40024264
753,40024034
754,40023973
755,40023693
756,40023363
757,40023213
758,40023263
759,40011153
760,40009523
761,9944374
762,40001313
763,9937143
764,9936713
765,9930933
766,9928064
767,9927764
768,9923984
769,9923144
770,9919944
771,9916984
772,9913554
773,9912284
774,9912064
775,9908785
776,9838023
777,9830033
778,9823903
779,9823463
780,9818863
781,9817864
782,9816374
783,9814164
784,9812154
785,9809424
786,9806494
787,9806424
788,9801584
789,9803844
790,9800075
791,9744983
792,9736143
793,9733173
794,9716504
795,9729793
796,9711764
797,9701025
798,9653353
799,9645173
800,9642853
801,9638633
802,9627483
803,9600895
804,9632293
805,9600615
806,9600345
807,9516445
808,40034244
809,40009243
810,40028184
811,9913094
812,9927364
813,9912374
814,9911964
815,9910614
816,9736593
817,9811234
818,9655093
819,99036853
820,99024003
821,99000073
822,99000743
823,99000023
824,98000053
825,40036833
826,40036823
827,40036753
828,40036744
829,40036724
830,40036714
831,40036704
832,40036674
833,40036664
834,40036654
835,40036644
836,40036634
837,40036624
838,40036614
839,40036604
840,40036594
841,40036564
842,40036554
843,40036544
844,40036534
845,40036524
846,40036514
847,40036504
848,40036494
849,40036464
850,40036454
851,40036434
852,40036414
853,40036404
854,40036374
855,40036354
856,40036344
857,40036334
858,40036323
859,40036293
860,40036243
861,40036233
862,40036123
863,40036103
864,40036083
865,40036073
866,40036023
867,40036013
868,40036003
869,40035993
870,40035973
871,40035963
872,40035953
873,40035933
874,40035883
875,40035903
876,40035833
877,40035814
878,40035804
879,40035794
880,40035774
881,40035754
882,40035744
883,40035724
884,40035714
885,40035704
886,40035694
887,40035684
888,40035674
889,40035664
890,40035654
891,40035644
892,40035634
893,40035614
894,40035584
895,40035604
896,40035574
897,40035564
898,40035544
899,40035534
900,40035524
901,40035504
902,40035494
903,40035484
904,40035474
905,40035454
906,40035444
907,40035434
908,40035404
909,40035374
910,40035354
911,40035344
912,40035334
913,40035324
914,40035304
915,40035284
916,40035224
917,40035214
918,40035194
919,40035174
920,40035114
921,40035144
922,40035094
923,40035084
924,40035054
925,40035014
926,40035004
927,40034924
928,40034914
929,40034894
930,40034884
931,40034824
932,40034804
933,40034794
934,40034754
935,40034744
936,40034734
937,40034724
938,40034714
939,40034704
940,40034694
941,40034684
942,40034664
943,40034644
944,40034624
945,40034614
946,40034564
947,40034574
948,40034554
949,40034534
950,40034514
951,40034494
952,40034484
953,40034454
954,40034444
955,40034434
956,40034424
957,40034414
958,40034404
959,40034374
960,40034364
961,40034334
962,40034344
963,40034304
964,40034324
965,40034294
966,40034284
967,40034274
968,40034234
969,40034264
970,40034194
971,40034184
972,40034164
973,40034154
974,40034144
975,40034084
976,40034074
977,40034224
978,40034064
979,40034054
980,40034044
981,40034014
982,40034024
983,40034004
984,40033994
985,40033974
986,40033964
987,40033954
988,40033944
989,40033924
990,40033904
991,40033864
992,40033884
993,40033854
994,40033814
995,40033804
996,40033754
997,40033744
998,40033734
999,40033724
1000,40033714
1001,40033684
1002,40033644
1003,40033624
1004,40033604
1005,40033594
1006,40033584
1007,40033574
1008,40033564
1009,40033544
1010,40033534
1011,40033524
1012,40033474
1013,40033434
1014,40033414
1015,40033404
1016,40033394
1017,40033374
1018,40033364
1019,40033354
1020,40033344
1021,40033334
1022,40033324
1023,40033314
1024,40033294
1025,40033264
1026,40033234
1027,40033214
1028,40033204
1029,40033164
1030,40033154
1031,40033144
1032,40033104
1033,40033094
1034,40033074
1035,40033034
1036,40032994
1037,40032984
1038,40032954
1039,40032944
1040,40032934
1041,40032914
1042,40032904
1043,40032894
1044,40032874
1045,40032864
1046,40032854
1047,40032824
1048,40032804
1049,40032754
1050,40032744
1051,40032734
1052,40032764
1053,40032684
1054,40032664
1055,40032654
1056,40032634
1057,40032604
1058,40032574
1059,40032554
1060,40032534
1061,40032524
1062,40032584
1063,40032504
1064,40032474
1065,40032454
1066,40032444
1067,40032414
1068,40032404
1069,40032384
1070,40032344
1071,40032314
1072,40032304
1073,40032284
1074,40032274
1075,40032374
1076,40032254
1077,40032244
1078,40032224
1079,40032174
1080,40032164
1081,40032154
1082,40032114
1083,40032084
1084,40032064
1085,40032094
1086,40032054
1087,40032044
1088,40032024
1089,40032014
1090,40032004
1091,40031964
1092,40031944
1093,40031934
1094,40031924
1095,40031914
1096,40031874
1097,40031894
1098,40031854
1099,40031844
1100,40031834
1101,40031804
1102,40031764
1103,40031784
1104,40031734
1105,40031714
1106,40031704
1107,40031684
1108,40031694
1109,40031674
1110,40031664
1111,40031634
1112,40031624
1113,40031614
1114,40031574
1115,40031594
1116,40031514
1117,40031504
1118,40031494
1119,40031464
1120,40031434
1121,40031444
1122,40031424
1123,40031404
1124,40031414
1125,40031364
1126,40031344
1127,40031304
1128,40031294
1129,40031274
1130,40031264
1131,40031234
1132,40031224
1133,40031164
1134,40031154
1135,40031124
1136,40031104
1137,40031114
1138,40031094
1139,40031074
1140,40031054
1141,40031024
1142,40031004
1143,40030964
1144,40030984
1145,40030944
1146,40030934
1147,40030924
1148,40030904
1149,40030884
1150,40030874
1151,40030844
1152,40030834
1153,40030794
1154,40030764
1155,40030734
1156,40030724
1157,40030704
1158,40030694
1159,40030634
1160,40030614
1161,40030604
1162,40030594
1163,40030584
1164,40030574
1165,40030564
1166,40030544
1167,40030514
1168,40030494
1169,40030484
1170,40030474
1171,40030464
1172,40030424
1173,40030404
1174,40030384
1175,40030364
1176,40030334
1177,40030324
1178,40030314
1179,40030294
1180,40030284
1181,40030274
1182,40030264
1183,40030244
1184,40030224
1185,40030214
1186,40030204
1187,40030184
1188,40030194
1189,40030164
1190,40030144
1191,40030134
1192,40030124
1193,40030094
1194,40030084
1195,40030054
1196,40030034
1197,40029994
1198,40029944
1199,40029934
1200,40029924
1201,40029914
1202,40029904
1203,40029894
1204,40029874
1205,40029834
1206,40029824
1207,40029784
1208,40029774
1209,40029754
1210,40029744
1211,40029724
1212,40029714
1213,40029694
1214,40029684
1215,40029674
1216,40029664
1217,40029644
1218,40029584
1219,40029574
1220,40029524
1221,40029514
1222,40029484
1223,40029464
1224,40029444
1225,40029414
1226,40029404
1227,40029394
1228,40029384
1229,40029374
1230,40029284
1231,40029274
1232,40029254
1233,40029224
1234,40029214
1235,40029194
1236,40029184
1237,40029174
1238,40029164
1239,40029154
1240,40029124
1241,40029134
1242,40029064
1243,40029044
1244,40029034
1245,40028984
1246,40028974
1247,40028964
1248,40028944
1249,40028924
1250,40028914
1251,40028904
1252,40028874
1253,40028864
1254,40028834
1255,40028824
1256,40028764
1257,40028754
1258,40028714
1259,40028694
1260,40028614
1261,40028604
1262,40028574
1263,40028534
1264,40028524
1265,40028514
1266,40028504
1267,40028494
1268,40028484
1269,40028464
1270,40028444
1271,40028424
1272,40028364
1273,40028344
1274,40028334
1275,40028314
1276,40028304
1277,40028294
1278,40028284
1279,40028274
1280,40028244
1281,40028234
1282,40028224
1283,40028214
1284,40028194
1285,40028154
1286,40028144
1287,40028124
1288,40028114
1289,40028104
1290,40028094
1291,40028084
1292,40028074
1293,40028064
1294,40028054
1295,40028044
1296,40028034
1297,40028024
1298,40027944
1299,40027934
1300,40027894
1301,40027914
1302,40027854
1303,40027844
1304,40027824
1305,40027804
1306,40027784
1307,40027754
1308,40027734
1309,40027694
1310,40027724
1311,40027644
1312,40027624
1313,40027614
1314,40027584
1315,40027564
1316,40027544
1317,40027554
1318,40027514
1319,40027504
1320,40027494
1321,40027474
1322,40027454
1323,40027434
1324,40027424
1325,40027414
1326,40027404
1327,40027384
1328,40027374
1329,40027354
1330,40027344
1331,40027314
1332,40027274
1333,40027254
1334,40027204
1335,40027194
1336,40027184
1337,40027134
1338,40027164
1339,40027114
1340,40027104
1341,915141
1342,40027004
1343,40026954
1344,40026934
1345,40026924
1346,40026854
1347,40026844
1348,40026804
1349,40026794
1350,40026744
1351,40026774
1352,40026724
1353,40026874
1354,40026704
1355,40026694
1356,40026684
1357,40026664
1358,40026674
1359,40026654
1360,40026644
1361,40026624
1362,40026614
1363,40026584
1364,40026544
1365,40026534
1366,40026524
1367,40026514
1368,40026504
1369,40026484
1370,40026474
1371,40026464
1372,40026424
1373,40026404
1374,40026394
1375,40026384
1376,40026374
1377,40026344
1378,40026314
1379,40026304
1380,40026254
1381,40026234
1382,40026204
1383,40026194
1384,40026184
1385,40026154
1386,40026144
1387,40026114
1388,40026104
1389,40026084
1390,40026074
1391,40026054
1392,40026044
1393,40026034
1394,40026134
1395,40026004
1396,40025994
1397,40025964
1398,40025954
1399,40025934
1400,40025914
1401,40025894
1402,40025884
1403,40025874
1404,40025864
1405,40025854
1406,40025824
1407,40025794
1408,40025784
1409,40025764
1410,40025754
1411,40025744
1412,40025724
1413,40025714
1414,40025664
1415,40025644
1416,40025814
1417,40025614
1418,40025594
1419,40025584
1420,40025574
1421,40025534
1422,40025514
1423,40025504
1424,40025494
1425,40025484
1426,40025464
1427,40025454
1428,40025444
1429,40025404
1430,40025324
1431,40025344
1432,40025314
1433,40025294
1434,40025274
1435,40025414
1436,40025234
1437,40025224
1438,40025214
1439,40025384
1440,40025204
1441,40025194
1442,40025154
1443,40025134
1444,40025124
1445,40025114
1446,40025104
1447,40025184
1448,40025084
1449,40025074
1450,40024984
1451,40024974
1452,40024964
1453,40024954
1454,40024924
1455,40024874
1456,40024844
1457,40024834
1458,40024814
1459,40024784
1460,40024764
1461,40024804
1462,40024744
1463,40024734
1464,40024704
1465,40024694
1466,40024614
1467,40024654
1468,40024604
1469,40024594
1470,40024584
1471,40024684
1472,40024574
1473,40024714
1474,40024564
1475,40024524
1476,40024514
1477,40024504
1478,40024494
1479,40024434
1480,40024394
1481,40024364
1482,40024115
1483,40024474
1484,40024103
1485,40024003
1486,40023983
1487,40023963
1488,40023953
1489,40023943
1490,40023923
1491,40023883
1492,40023873
1493,40023853
1494,40023833
1495,40023843
1496,40023823
1497,40023813
1498,40023783
1499,40023793
1500,40023773
1501,40023763
1502,40023713
1503,40023743
1504,40023703
1505,40023673
1506,40023663
1507,40023643
1508,40023633
1509,40023623
1510,40023603
1511,40023593
1512,40023583
1513,40023573
1514,40023553
1515,40023503
1516,40023523
1517,40023483
1518,40023473
1519,40023463
1520,40023443
1521,40023393
1522,40023373
1523,40023343
1524,40023313
1525,40023233
1526,40023193
1527,40023173
1528,40023163
1529,40023123
1530,40023093
1531,40023113
1532,40023083
1533,40023063
1534,40023033
1535,40023023
1536,40023013
1537,40022973
1538,40022963
1539,40022913
1540,40022933
1541,40022883
1542,40022843
1543,40022823
1544,40022793
1545,40022813
1546,40022783
1547,40022773
1548,40022763
1549,40022743
1550,40022713
1551,40022733
1552,40022683
1553,40022673
1554,40022633
1555,40022623
1556,40022613
1557,40022603
1558,40022593
1559,40022643
1560,40022583
1561,40022543
1562,40022533
1563,40022513
1564,40022503
1565,40022483
1566,40022473
1567,40022393
1568,40022433
1569,40022373
1570,40022343
1571,40022333
1572,40022323
1573,40022313
1574,40022303
1575,40022293
1576,40022283
1577,40022253
1578,40022223
1579,40022203
1580,40022213
1581,40022193
1582,40022233
1583,40022183
1584,40022173
1585,40022163
1586,40022143
1587,40022123
1588,40022113
1589,40022073
1590,40022063
1591,40022053
1592,40022023
1593,40021973
1594,40021933
1595,40021923
1596,40021893
1597,40021803
1598,40021783
1599,40021773
1600,40021763
1601,40022103
1602,40021733
1603,40021723
1604,40021703
1605,40021693
1606,40021683
1607,40021663
1608,40021643
1609,40021613
1610,40021573
1611,40021543
1612,40021473
1613,40021653
1614,40021443
1615,40021423
1616,40021403
1617,40021383
1618,40021373
1619,40021363
1620,40021323
1621,40021303
1622,40021333
1623,40021283
1624,40021273
1625,40021253
1626,40021243
1627,40021213
1628,40021203
1629,40021193
1630,40021173
1631,40021163
1632,40021133
1633,40021113
1634,40021183
1635,40021103
1636,40021093
1637,40021083
1638,40021053
1639,40020973
1640,40020933
1641,40020963
1642,40020913
1643,40020903
1644,40020893
1645,40020873
1646,40020863
1647,40020853
1648,40020833
1649,40020823
1650,40020813
1651,40020803
1652,40020783
1653,40020773
1654,40020743
1655,40020733
1656,40020703
1657,40020683
1658,40020673
1659,40020663
1660,40020653
1661,40020633
1662,40020623
1663,40020613
1664,40020603
1665,40020593
1666,40020553
1667,40020533
1668,40020523
1669,40020463
1670,40020453
1671,40020443
1672,40020383
1673,40020403
1674,40020343
1675,40020273
1676,40020233
1677,40020223
1678,40020213
1679,40020193
1680,40020163
1681,40020153
1682,40020133
1683,40020093
1684,40020043
1685,40020183
1686,40020023
1687,40020013
1688,40019983
1689,40019973
1690,40019963
1691,40019943
1692,40019923
1693,40019913
1694,40019893
1695,40019873
1696,40019853
1697,40019833
1698,40019813
1699,40019803
1700,40019773
1701,40019763
1702,40019743
1703,40019733
1704,40019713
1705,40019653
1706,40019633
1707,40019593
1708,40019553
1709,40019543
1710,40019753
1711,40019533
1712,40019433
1713,40019493
1714,40019523
1715,40019423
1716,40019343
1717,40019313
1718,40019253
1719,40019303
1720,40019233
1721,40019213
1722,40019153
1723,40019203
1724,40019133
1725,40019113
1726,40019093
1727,40019063
1728,40019083
1729,40018953
1730,40018993
1731,40019003
1732,40018933
1733,40018893
1734,40018883
1735,40018783
1736,40018853
1737,40018763
1738,40018713
1739,40018693
1740,40018643
1741,40018633
1742,40018613
1743,40018603
1744,40018743
1745,40018553
1746,40018543
1747,40018623
1748,40018503
1749,40018473
1750,40018453
1751,40018403
1752,40018443
1753,40018463
1754,40018363
1755,40018343
1756,40018333
1757,40018393
1758,40018313
1759,40018303
1760,40018213
1761,40018233
1762,40018263
1763,40018193
1764,40018183
1765,40018153
1766,40018133
1767,40018103
1768,40018083
1769,40018173
1770,40018063
1771,40018073
1772,40018043
1773,40018033
1774,40018013
1775,40018003
1776,40017993
1777,40017913
1778,40017933
1779,40017893
1780,40017983
1781,40017873
1782,40017843
1783,40017823
1784,40017813
1785,40017763
1786,40017783
1787,40017723
1788,40017703
1789,40017603
1790,40017753
1791,40017583
1792,40017573
1793,40017513
1794,40017503
1795,40017493
1796,40017463
1797,40017423
1798,40017413
1799,40017383
1800,40017373
1801,40017393
1802,40017433
1803,40017363
1804,40017333
1805,40017323
1806,40017293
1807,40017273
1808,40017263
1809,40017173
1810,40017163
1811,40017203
1812,40017153
1813,40017143
1814,40017123
1815,40017113
1816,40017213
1817,40017073
1818,40017003
1819,40016993
1820,40016983
1821,40016943
1822,40016923
1823,40016893
1824,40016873
1825,40016913
1826,40016823
1827,40016783
1828,40016793
1829,40016853
1830,40016753
1831,40016723
1832,40016673
1833,40016643
1834,40016633
1835,40016603
1836,40016553
1837,40016683
1838,40016543
1839,40016513
1840,40016503
1841,40016463
1842,40016453
1843,40016383
1844,40016323
1845,40016313
1846,40016273
1847,40016263
1848,40016193
1849,40016363
1850,40016173
1851,40016163
1852,40016113
1853,40016103
1854,40016213
1855,40016023
1856,40016203
1857,40015993
1858,40015983
1859,40015953
1860,40016033
1861,40015943
1862,40015933
1863,40015843
1864,40015833
1865,40015823
1866,40015883
1867,40015773
1868,40015763
1869,40015753
1870,40015803
1871,40015713
1872,40015703
1873,40015643
1874,40015633
1875,40015603
1876,40015683
1877,40015543
1878,40015533
1879,40015523
1880,40015513
1881,40015503
1882,40015553
1883,40015423
1884,40015463
1885,40015443
1886,40015393
1887,40015363
1888,40015353
1889,40015333
1890,40015313
1891,40015263
1892,40015283
1893,40015243
1894,40015213
1895,40015203
1896,40015223
1897,40015173
1898,40015143
1899,40015133
1900,40015123
1901,40015093
1902,40015053
1903,40015013
1904,40015083
1905,40014983
1906,40014923
1907,40014873
1908,40014843
1909,40015003
1910,40014813
1911,40014803
1912,40014753
1913,40014723
1914,40014713
1915,40014653
1916,40014583
1917,40014573
1918,40014603
1919,40014633
1920,40014523
1921,40014513
1922,40014503
1923,40014483
1924,40014463
1925,40014433
1926,40014423
1927,40014323
1928,40014313
1929,40014303
1930,40014283
1931,40014273
1932,40014263
1933,40014243
1934,40014253
1935,40014233
1936,40014203
1937,40014413
1938,40014193
1939,40014183
1940,40014143
1941,40014153
1942,40014123
1943,40014173
1944,40014093
1945,40014083
1946,40014043
1947,40014013
1948,40014003
1949,40014063
1950,40013953
1951,40013923
1952,40013903
1953,40013883
1954,40013873
1955,40013823
1956,40013783
1957,40013763
1958,40013733
1959,40013793
1960,40013723
1961,40013713
1962,40013693
1963,40013683
1964,40013663
1965,40013633
1966,40013653
1967,40013593
1968,40013623
1969,40013583
1970,40013563
1971,40013553
1972,40013543
1973,40013533
1974,40013503
1975,40013523
1976,40013483
1977,40013453
1978,40013493
1979,40013443
1980,40013423
1981,40013403
1982,40013383
1983,40013373
1984,40013353
1985,40013313
1986,40013343
1987,40013293
1988,40013283
1989,40013273
1990,40013233
1991,40013213
1992,40013183
1993,40013243
1994,40013163
1995,40013153
1996,40013123
1997,40013173
1998,40013113
1999,40013093
2000,40013073
2001,40013033
2002,40013023
2003,40013013
2004,40013003
2005,40012923
2006,40012913
2007,40012883
2008,40012983
2009,40012853
2010,40012843
2011,40012833
2012,40012783
2013,40012773
2014,40012763
2015,40012753
2016,40012673
2017,40012743
2018,40012613
2019,40012573
2020,40012533
2021,40012733
2022,40012423
2023,40012393
2024,40012403
2025,40012363
2026,40012353
2027,40012233
2028,40012213
2029,40012263
2030,40012203
2031,40012123
2032,40012113
2033,40012103
2034,40012093
2035,40012053
2036,40012083
2037,40012013
2038,40012003
2039,40011973
2040,40011953
2041,40012063
2042,40011923
2043,40011903
2044,40011883
2045,40011913
2046,40011873
2047,40011833
2048,40011813
2049,40011773
2050,40011763
2051,40011733
2052,40011723
2053,40011703
2054,40011693
2055,40011683
2056,40011673
2057,40011663
2058,40011563
2059,40011633
2060,40011483
2061,40011463
2062,40011453
2063,40011433
2064,40011353
2065,40011373
2066,40011323
2067,40011393
2068,40011333
2069,40011313
2070,40011303
2071,40011263
2072,40011253
2073,40011243
2074,40011173
2075,40011193
2076,40011123
2077,40011113
2078,40011103
2079,40011063
2080,40011213
2081,40011053
2082,40011033
2083,40011023
2084,40011013
2085,40010973
2086,40010933
2087,40010883
2088,40010853
2089,40010843
2090,40010953
2091,40010833
2092,40010813
2093,40010793
2094,40010783
2095,40010773
2096,40010753
2097,40010743
2098,40010683
2099,40010673
2100,40010613
2101,40010643
2102,40010723
2103,40010573
2104,40033
2105,40010523
2106,40010513
2107,40010503
2108,40010443
2109,40010433
2110,40010423
2111,40010553
2112,40010393
2113,40010383
2114,40010363
2115,40010343
2116,40010413
2117,40010333
2118,40010313
2119,40010483
2120,40010283
2121,40010273
2122,40010493
2123,40010243
2124,40010233
2125,40010223
2126,40010173
2127,40010153
2128,40010133
2129,40010123
2130,40010103
2131,40010083
2132,40010203
2133,40010073
2134,40010193
2135,40010043
2136,40010063
2137,40010143
2138,40010033
2139,40010013
2140,40010003
2141,40009983
2142,40009973
2143,40009933
2144,40009903
2145,40009893
2146,40009993
2147,40009863
2148,40009843
2149,40009823
2150,40009733
2151,40009693
2152,40009743
2153,40009673
2154,40009643
2155,40009633
2156,40009623
2157,40009603
2158,40009683
2159,40009573
2160,40009563
2161,40009553
2162,40009593
2163,40009543
2164,40009503
2165,40009473
2166,40009443
2167,40009423
2168,40009353
2169,40009413
2170,40009323
2171,40009333
2172,40009313
2173,40009303
2174,40009263
2175,40009223
2176,40009203
2177,40009183
2178,40009163
2179,40009253
2180,40009293
2181,40009153
2182,40009103
2183,40009093
2184,40009213
2185,40009053
2186,40009023
2187,40009013
2188,40009003
2189,40009073
2190,40009063
2191,40009923
2192,40008963
2193,40008943
2194,40008923
2195,40008993
2196,40008893
2197,40008813
2198,40008843
2199,40008683
2200,40008763
2201,40008673
2202,40008643
2203,40008623
2204,40008603
2205,40008863
2206,40008663
2207,40008593
2208,40008543
2209,40008533
2210,40008523
2211,40008453
2212,40008413
2213,40008363
2214,40008383
2215,40008313
2216,40008273
2217,40008233
2218,40008193
2219,40008153
2220,40008263
2221,40008133
2222,40008203
2223,40008123
2224,40008083
2225,40008073
2226,40008063
2227,40008113
2228,40008013
2229,40008003
2230,40007983
2231,40008053
2232,40007903
2233,40007893
2234,40007863
2235,40007823
2236,40007793
2237,40007753
2238,40007743
2239,40007783
2240,40007703
2241,40007663
2242,40007653
2243,40007683
2244,40007713
2245,40007633
2246,40007603
2247,40007573
2248,40007563
2249,40007493
2250,40007403
2251,40007593
2252,40007383
2253,40007373
2254,40007463
2255,40007363
2256,40007453
2257,40007353
2258,40007343
2259,40007323
2260,40007293
2261,40007223
2262,40007333
2263,40007253
2264,40007193
2265,40007173
2266,40007143
2267,40007203
2268,40007113
2269,40007083
2270,40007063
2271,40007013
2272,40007093
2273,40007103
2274,40006953
2275,40006993
2276,40006883
2277,40006773
2278,40006873
2279,40006733
2280,40006723
2281,40006863
2282,40006673
2283,40006623
2284,40006603
2285,40006713
2286,40006563
2287,40006553
2288,40006513
2289,40006503
2290,40006483
2291,40006583
2292,40006443
2293,40006423
2294,40006413
2295,40006383
2296,40006333
2297,40006243
2298,40006233
2299,40006273
2300,40006203
2301,40006323
2302,40006193
2303,40006163
2304,40006123
2305,40006103
2306,40006183
2307,40006113
2308,40006063
2309,40006053
2310,40006003
2311,40005993
2312,40006083
2313,40005963
2314,40005983
2315,40005933
2316,40005973
2317,40005913
2318,40005903
2319,40005873
2320,40005823
2321,40005813
2322,40005883
2323,40005793
2324,40005803
2325,40005763
2326,40005833
2327,40005743
2328,40005723
2329,40005713
2330,40005693
2331,40005673
2332,40005613
2333,40005583
2334,40005593
2335,40005683
2336,40005563
2337,40005553
2338,40005483
2339,40005703
2340,40005473
2341,40005453
2342,40005413
2343,40005373
2344,40005363
2345,40005323
2346,40005423
2347,40005273
2348,40005253
2349,40005353
2350,40005223
2351,40005243
2352,40005203
2353,40005153
2354,40005123
2355,40005283
2356,40005093
2357,40005083
2358,40005173
2359,40005063
2360,40005103
2361,40005003
2362,40004983
2363,40004933
2364,40004913
2365,40004883
2366,40004803
2367,40004813
2368,40004783
2369,40004773
2370,40004953
2371,40004763
2372,40004753
2373,40004893
2374,40004683
2375,40004663
2376,40004653
2377,40004673
2378,40004593
2379,40004533
2380,40004523
2381,40004503
2382,40004513
2383,40004493
2384,40004483
2385,40004463
2386,40004633
2387,40004413
2388,40004343
2389,40004393
2390,40004323
2391,40004433
2392,40004283
2393,40004273
2394,40004243
2395,40004223
2396,40004193
2397,40004133
2398,40004113
2399,40004093
2400,40004263
2401,40004073
2402,40004053
2403,40004043
2404,40004033
2405,40003993
2406,40003973
2407,40003933
2408,40003903
2409,40003923
2410,40003883
2411,40003953
2412,40003863
2413,40003853
2414,40003843
2415,40003833
2416,40003823
2417,40003873
2418,40003813
2419,40003733
2420,40003773
2421,40003713
2422,40003693
2423,40003683
2424,40003663
2425,40003653
2426,40003633
2427,40003613
2428,40003673
2429,40003593
2430,40003573
2431,40003543
2432,40003513
2433,40003503
2434,40003393
2435,40003373
2436,40003353
2437,40003443
2438,40003463
2439,40003333
2440,40003313
2441,40003323
2442,40003293
2443,40003243
2444,40003383
2445,40003153
2446,40003223
2447,40003143
2448,40003093
2449,40003213
2450,40003073
2451,40003053
2452,40002993
2453,40003013
2454,40002933
2455,40002923
2456,40002883
2457,40002973
2458,40002863
2459,40002853
2460,40002843
2461,40002823
2462,40002813
2463,40002803
2464,40002763
2465,40002893
2466,40002743
2467,40002733
2468,40002723
2469,40002703
2470,40002693
2471,40002783
2472,40002623
2473,40002603
2474,40002593
2475,40002583
2476,40002573
2477,40002553
2478,40002663
2479,40002503
2480,40002493
2481,40002483
2482,40002473
2483,40002413
2484,40002513
2485,40002363
2486,40002353
2487,40002263
2488,40002313
2489,40002193
2490,40002283
2491,40002183
2492,40002343
2493,40002373
2494,40002173
2495,40002133
2496,40002093
2497,40002083
2498,40002073
2499,40002063
2500,40002033
2501,40001923
2502,40001903
2503,40001913
2504,40002043
2505,40001883
2506,40001863
2507,40001873
2508,40002023
2509,40001843
2510,40001833
2511,40001803
2512,40001773
2513,40001743
2514,40001723
2515,40001793
2516,40001663
2517,40001643
2518,40001623
2519,40001603
2520,40001593
2521,40001693
2522,40001583
2523,40001563
2524,40001553
2525,40001543
2526,40001513
2527,40001573
2528,40001493
2529,40001383
2530,40001353
2531,40001333
2532,40001473
2533,40001323
2534,40001273
2535,40001303
2536,40001213
2537,40001203
2538,40001163
2539,40001153
2540,40001113
2541,40001093
2542,40001123
2543,40001083
2544,40001063
2545,40001053
2546,40001033
2547,40001023
2548,40000943
2549,40000933
2550,40000903
2551,40000893
2552,40000873
2553,40000863
2554,40000823
2555,40000803
2556,40000743
2557,40000695
2558,40000675
2559,40000655
2560,40000645
2561,40000763
2562,40000615
2563,40000605
2564,40000635
2565,40000575
2566,40000585
2567,40000555
2568,40000545
2569,40000535
2570,40000565
2571,40000505
2572,40000515
2573,40000525
2574,40000485
2575,40000445
2576,40000425
2577,40000415
2578,40000385
2579,40000365
2580,40000335
2581,40000345
2582,40000315
2583,40000405
2584,40000305
2585,40000295
2586,40000285
2587,40000275
2588,40000265
2589,40000245
2590,40000235
2591,40000215
2592,40000205
2593,40000185
2594,40000225
2595,40000175
2596,40000165
2597,40000155
2598,40000145
2599,40000135
2600,40000125
2601,40000105
2602,40000065
2603,40000085
2604,40000045
2605,40000095
2606,40000035
2607,40000025
2608,9944365
2609,9944354
2610,9944154
2611,9944343
2612,9944124
2613,9944114
2614,9944104
2615,9944134
2616,9944094
2617,9944084
2618,9944074
2619,9944023
2620,9944013
2621,9943993
2622,9943963
2623,9943943
2624,9943924
2625,9944044
2626,9943913
2627,9943904
2628,9943894
2629,9943874
2630,9943854
2631,9943834
2632,9943823
2633,9943804
2634,9943844
2635,9943794
2636,9943714
2637,9943704
2638,9943684
2639,9943674
2640,9943654
2641,9943624
2642,9943604
2643,9943614
2644,9943594
2645,9943584
2646,9943574
2647,9943554
2648,9943544
2649,9943534
2650,9943514
2651,9943524
2652,9943504
2653,9943494
2654,9943484
2655,9943564
2656,9943474
2657,9943464
2658,9943454
2659,9943434
2660,9943444
2661,9943424
2662,9943414
2663,9943404
2664,9943394
2665,9943384
2666,9943364
2667,9943344
2668,9943324
2669,9943304
2670,9943294
2671,9943274
2672,9943255
2673,9943243
2674,9943203
2675,9943173
2676,9943153
2677,9943113
2678,9943163
2679,9943093
2680,9943063
2681,9943043
2682,9943023
2683,9943013
2684,9942983
2685,9942973
2686,9942943
2687,9942953
2688,9942913
2689,9942903
2690,9942923
2691,9942883
2692,9942863
2693,9942853
2694,9942813
2695,9942793
2696,9942823
2697,9942723
2698,9942713
2699,9942703
2700,9942663
2701,9942653
2702,9942643
2703,9942633
2704,9942603
2705,9942593
2706,9942553
2707,9942523
2708,9942513
2709,9942483
2710,9942433
2711,9942413
2712,9942393
2713,9942613
2714,9942363
2715,9942333
2716,9942323
2717,9942293
2718,9942283
2719,9942263
2720,9942383
2721,9942243
2722,9942233
2723,9942223
2724,9942213
2725,9942203
2726,9942183
2727,9942163
2728,9942153
2729,9942063
2730,9942053
2731,9942083
2732,9942033
2733,9942023
2734,9942003
2735,9941973
2736,9941913
2737,9941893
2738,9941883
2739,9941833
2740,9941823
2741,9941873
2742,9941813
2743,9941803
2744,9941793
2745,9941783
2746,9941763
2747,9941743
2748,9941733
2749,9941713
2750,9941683
2751,9941723
2752,9941673
2753,9941663
2754,9941643
2755,9941613
2756,9941573
2757,9941703
2758,9941553
2759,9941543
2760,9941533
2761,9941513
2762,9941563
2763,9941503
2764,9941493
2765,9941463
2766,9941443
2767,9941423
2768,9941393
2769,9941343
2770,9941373
2771,9941323
2772,9941293
2773,9941283
2774,9941273
2775,9941203
2776,9941173
2777,9941183
2778,9941143
2779,9941113
2780,9941103
2781,9941093
2782,9941083
2783,9941193
2784,9941033
2785,9941023
2786,9940973
2787,9940943
2788,9940893
2789,9940983
2790,9940883
2791,9940863
2792,9940853
2793,9940873
2794,9940833
2795,9940823
2796,9940773
2797,9940753
2798,9940723
2799,9940703
2800,9940683
2801,9940653
2802,9940693
2803,9940633
2804,9940613
2805,9940603
2806,9940543
2807,9940533
2808,9940523
2809,9940503
2810,9940473
2811,9940493
2812,9940463
2813,9940403
2814,9940393
2815,9940373
2816,9940353
2817,9940273
2818,9940293
2819,9940253
2820,9940223
2821,9940213
2822,9940303
2823,9940183
2824,9940153
2825,9940083
2826,9940073
2827,9940063
2828,9940133
2829,9940053
2830,9940033
2831,9940023
2832,9940013
2833,9940003
2834,9939993
2835,9939983
2836,9939893
2837,9939883
2838,9939873
2839,9939853
2840,9939793
2841,9939803
2842,9939783
2843,9939833
2844,9939713
2845,9939693
2846,9939683
2847,9939613
2848,9939603
2849,9939553
2850,9939593
2851,9939773
2852,9939533
2853,9939523
2854,9939513
2855,9939483
2856,9939463
2857,9939423
2858,9939443
2859,9939413
2860,9939383
2861,9939473
2862,9939373
2863,9939343
2864,9939333
2865,9939263
2866,9939323
2867,9939253
2868,9939193
2869,9939163
2870,9939143
2871,9939103
2872,9939083
2873,9939183
2874,9939063
2875,9939033
2876,9938943
2877,9938933
2878,9938853
2879,9938813
2880,9938843
2881,9938803
2882,9938893
2883,9938743
2884,9938733
2885,9938713
2886,9938683
2887,9938633
2888,9938623
2889,9938613
2890,9938583
2891,9938573
2892,9938543
2893,9938533
2894,9938503
2895,9938673
2896,9938453
2897,9938443
2898,9938473
2899,9938423
2900,9938383
2901,9938363
2902,9938333
2903,9938313
2904,9938293
2905,9938273
2906,9938283
2907,9938343
2908,9938263
2909,9938253
2910,9938233
2911,9938223
2912,9938213
2913,9938183
2914,9938143
2915,9938113
2916,9938103
2917,9938093
2918,9938163
2919,9938083
2920,9938073
2921,9938063
2922,9938053
2923,9938013
2924,9937933
2925,9937923
2926,9937853
2927,9937833
2928,9937863
2929,9937753
2930,9937793
2931,9937733
2932,9937723
2933,9937713
2934,9937653
2935,9937623
2936,9937613
2937,9937573
2938,9937563
2939,9937533
2940,9937523
2941,9937603
2942,9937513
2943,9937463
2944,9937643
2945,9937443
2946,9937423
2947,9937413
2948,9937393
2949,9937363
2950,9937353
2951,9937333
2952,9937373
2953,9937313
2954,9937303
2955,9937293
2956,9937343
2957,9937283
2958,9937263
2959,9937253
2960,9937193
2961,9937183
2962,9937173
2963,9937153
2964,9937123
2965,9937233
2966,9937113
2967,9937073
2968,9937163
2969,9937053
2970,9937063
2971,9937033
2972,9937023
2973,9936993
2974,9936983
2975,9936933
2976,9936923
2977,9936873
2978,9936853
2979,9936833
2980,9936823
2981,9936813
2982,9936953
2983,9936793
2984,9936783
2985,9936743
2986,9936733
2987,9936723
2988,9936693
2989,9936613
2990,9936603
2991,9936593
2992,9936683
2993,9936553
2994,9936533
2995,9936523
2996,9936513
2997,9936503
2998,9936493
2999,9936473
3000,9936463
3001,9936423
3002,9936483
3003,9936413
3004,9936393
3005,9936383
3006,9936363
3007,9936343
3008,9936333
3009,9936303
3010,9936453
3011,9936273
3012,9936263
3013,9936253
3014,9936313
3015,9936243
3016,9936233
3017,9936223
3018,9936163
3019,9936133
3020,9936103
3021,9936093
3022,9936043
3023,9936013
3024,9936183
3025,9935993
3026,9935983
3027,9935973
3028,9935963
3029,9935953
3030,9935943
3031,9935923
3032,9935863
3033,9935853
3034,9935893
3035,9935823
3036,9935813
3037,9935793
3038,9935783
3039,9935753
3040,9935743
3041,9935733
3042,9935723
3043,9935693
3044,9935713
3045,9935673
3046,9935663
3047,9935653
3048,9935643
3049,9935603
3050,9935593
3051,9935573
3052,9935533
3053,9935523
3054,9935493
3055,9935463
3056,9935453
3057,9935433
3058,9935413
3059,9935403
3060,9935393
3061,9935383
3062,9935353
3063,9935343
3064,9935313
3065,9935293
3066,9935263
3067,9935253
3068,9935223
3069,9935213
3070,9935203
3071,9935193
3072,9935163
3073,9935153
3074,9935113
3075,9935103
3076,9935093
3077,9935063
3078,9935013
3079,9935003
3080,9934983
3081,9934973
3082,9934963
3083,9934953
3084,9934933
3085,9934923
3086,9934903
3087,9934893
3088,9934883
3089,0
3090,9934853
3091,9934833
3092,9934823
3093,9934803
3094,9934753
3095,9934733
3096,9934713
3097,9934703
3098,9934693
3099,9934643
3100,9934633
3101,9934653
3102,9934613
3103,9934603
3104,9934593
3105,9934543
3106,9934533
3107,9934523
3108,9934483
3109,9934473
3110,9934453
3111,9934503
3112,9934423
3113,9934403
3114,9934393
3115,9934373
3116,9934353
3117,9934333
3118,9934253
3119,9934233
3120,9934203
3121,9934243
3122,9934223
3123,9934193
3124,9934153
3125,9934113
3126,9934093
3127,9934103
3128,9934023
3129,9934013
3130,9934003
3131,9934133
3132,9934073
3133,9933973
3134,9933953
3135,9933933
3136,9933903
3137,9933883
3138,9933863
3139,9933803
3140,9933783
3141,9933743
3142,9933693
3143,9933733
3144,9933713
3145,9933773
3146,9933723
3147,9933683
3148,9933673
3149,9933663
3150,9933653
3151,9933633
3152,9933623
3153,9933603
3154,9933583
3155,9933573
3156,9933553
3157,9933533
3158,9933523
3159,9933513
3160,9933503
3161,9933493
3162,9933483
3163,9933463
3164,9933393
3165,9933363
3166,9933353
3167,9933333
3168,9933323
3169,9933303
3170,9933283
3171,9933273
3172,9933263
3173,9933253
3174,9933243
3175,9933203
3176,9933183
3177,9933173
3178,9933163
3179,9933153
3180,9933143
3181,9933133
3182,9933123
3183,9933113
3184,9933093
3185,9933083
3186,9932983
3187,9932973
3188,9932963
3189,9932943
3190,9932883
3191,9932873
3192,9932863
3193,9932853
3194,9932813
3195,9932803
3196,9932793
3197,9932763
3198,9932733
3199,9932723
3200,9932713
3201,9932703
3202,9932653
3203,9932613
3204,9932603
3205,9932593
3206,9932543
3207,9932523
3208,9932513
3209,9932433
3210,9932413
3211,9932403
3212,9932373
3213,9932363
3214,9932343
3215,9932333
3216,9932283
3217,9932263
3218,9932253
3219,9932223
3220,9932213
3221,9932203
3222,9932193
3223,9932163
3224,9932143
3225,9932133
3226,9932123
3227,9932113
3228,9932103
3229,9932073
3230,9932063
3231,9932053
3232,9932043
3233,9932003
3234,9931973
3235,9931963
3236,9931943
3237,9931933
3238,9931893
3239,9931873
3240,9931863
3241,9931853
3242,9931843
3243,9931803
3244,9931783
3245,9931763
3246,9931753
3247,9931743
3248,9931713
3249,9931663
3250,9931603
3251,9931593
3252,9931563
3253,9931553
3254,9931543
3255,9931533
3256,9931523
3257,9931483
3258,9931473
3259,9931443
3260,9931433
3261,9931413
3262,9931403
3263,9931373
3264,9931363
3265,9931353
3266,9931343
3267,9931323
3268,9931313
3269,9931263
3270,9931253
3271,9931223
3272,9931213
3273,9931203
3274,9931163
3275,9931123
3276,9931113
3277,9931053
3278,9931043
3279,9931023
3280,9931003
3281,9930993
3282,9930963
3283,9930953
3284,9930943
3285,9930923
3286,9930913
3287,9930903
3288,9930873
3289,9930863
3290,9930853
3291,9930823
3292,9930783
3293,9930773
3294,9930753
3295,9930743
3296,9930713
3297,9930693
3298,9930653
3299,9930643
3300,9930633
3301,9930623
3302,9930613
3303,9930603
3304,9930593
3305,9930563
3306,9930533
3307,9930513
3308,9930473
3309,9930463
3310,9930453
3311,9930433
3312,9930413
3313,9930383
3314,9930373
3315,9930353
3316,9930343
3317,9930333
3318,9930303
3319,9930283
3320,9930253
3321,9930243
3322,9930233
3323,9930223
3324,9930213
3325,9930203
3326,9930133
3327,9930093
3328,9930073
3329,9930053
3330,9930013
3331,9930003
3332,9929963
3333,9929933
3334,9929923
3335,9929913
3336,9929893
3337,9929863
3338,9929823
3339,9929793
3340,9929783
3341,9929763
3342,9929673
3343,9929663
3344,9929623
3345,9929593
3346,9929583
3347,9929563
3348,9929513
3349,9929493
3350,9929453
3351,9929443
3352,9929403
3353,9929363
3354,9929343
3355,9929323
3356,9929303
3357,9929263
3358,9929243
3359,9929203
3360,9929193
3361,9929173
3362,9929163
3363,9929153
3364,9929133
3365,9929123
3366,9929103
3367,9929093
3368,9929083
3369,9929073
3370,9929063
3371,9929033
3372,9929023
3373,9929013
3374,9929003
3375,9928983
3376,9928943
3377,9928933
3378,9928903
3379,9928893
3380,9928883
3381,9928873
3382,9928853
3383,9928813
3384,9928763
3385,9928753
3386,9928723
3387,9928713
3388,9928693
3389,9928633
3390,9928613
3391,9928603
3392,9928593
3393,9928533
3394,9928513
3395,9928503
3396,9928463
3397,9928453
3398,9928423
3399,9928413
3400,9928403
3401,9928383
3402,9928354
3403,9928344
3404,9928314
3405,9928304
3406,9928274
3407,9928264
3408,9928254
3409,9928244
3410,9928234
3411,9928224
3412,9928214
3413,9928094
3414,9928074
3415,9928044
3416,9928034
3417,9928024
3418,9928014
3419,9927994
3420,9927984
3421,9927954
3422,9927944
3423,9927934
3424,9927924
3425,9927914
3426,9927884
3427,9927874
3428,9927864
3429,9927854
3430,9927834
3431,9927824
3432,9927794
3433,9927784
3434,9927754
3435,9927724
3436,9927674
3437,9927634
3438,9927624
3439,9927604
3440,9927594
3441,9927564
3442,9927494
3443,9927484
3444,9927464
3445,9927454
3446,9927434
3447,9927424
3448,9927394
3449,9927374
3450,9927344
3451,9927324
3452,9927274
3453,9927214
3454,9927204
3455,9927194
3456,9927164
3457,9927154
3458,9927134
3459,9927114
3460,9927094
3461,9927044
3462,9927024
3463,9927004
3464,9926994
3465,9926974
3466,9926964
3467,9926934
3468,9926914
3469,9926894
3470,9926844
3471,9926824
3472,9926794
3473,9926774
3474,9926764
3475,9926754
3476,9926704
3477,9926694
3478,9926684
3479,9926674
3480,9926664
3481,9926624
3482,9926584
3483,9926554
3484,9926544
3485,9926534
3486,9926524
3487,9926514
3488,9926454
3489,9926444
3490,9926404
3491,9926394
3492,9926384
3493,9926334
3494,9926324
3495,9926314
3496,9926284
3497,9926264
3498,9926244
3499,9926234
3500,9926204
3501,9926154
3502,9926144
3503,9926134
3504,9926094
3505,9926074
3506,9926044
3507,9925934
3508,9925924
3509,9925914
3510,9925904
3511,9925864
3512,9925844
3513,9925744
3514,9925734
3515,9925714
3516,9925704
3517,9925674
3518,9925614
3519,9925604
3520,9925574
3521,9925564
3522,9925534
3523,9925514
3524,9925484
3525,9925464
3526,9925444
3527,9925434
3528,9925344
3529,9925324
3530,9925314
3531,9925304
3532,9925294
3533,9925264
3534,9925254
3535,9925234
3536,9925174
3537,9925154
3538,9925124
3539,9925094
3540,9925084
3541,9925074
3542,9925044
3543,9925034
3544,9924934
3545,9924924
3546,9924904
3547,9924874
3548,9924864
3549,9924854
3550,9924844
3551,9924824
3552,9924804
3553,9924764
3554,9924744
3555,9924794
3556,9924724
3557,9924674
3558,9924664
3559,9924654
3560,9924644
3561,9924634
3562,9924624
3563,9924564
3564,9924554
3565,9924524
3566,9924484
3567,9924474
3568,9924444
3569,9924424
3570,9924384
3571,9924334
3572,9924324
3573,9924323
3574,9924314
3575,9924304
3576,9924294
3577,9924274
3578,9924264
3579,9924254
3580,9924204
3581,9924184
3582,9924144
3583,9924124
3584,9924114
3585,9924094
3586,9924084
3587,9924074
3588,9924064
3589,9924034
3590,9924024
3591,9924004
3592,9923994
3593,9923934
3594,9923884
3595,9923854
3596,9923814
3597,9923744
3598,9923724
3599,9923714
3600,9923704
3601,9923674
3602,9923624
3603,9923594
3604,9923574
3605,9923544
3606,9923484
3607,9923474
3608,9923464
3609,9923444
3610,9923414
3611,9923404
3612,9923394
3613,9923344
3614,9923334
3615,9923304
3616,9923294
3617,9923284
3618,9923263
3619,9923254
3620,9923244
3621,9923224
3622,9923174
3623,9923154
3624,9923124
3625,9923114
3626,9923104
3627,9923084
3628,9923064
3629,9923054
3630,9923044
3631,9923034
3632,9923024
3633,9922994
3634,9922984
3635,9922924
3636,9922874
3637,9922854
3638,9922844
3639,9922774
3640,9922764
3641,9922754
3642,9922744
3643,9922724
3644,9922714
3645,9922704
3646,9922654
3647,9922544
3648,9922524
3649,9922504
3650,9922474
3651,9922434
3652,9922424
3653,9922414
3654,9922404
3655,9922394
3656,9922334
3657,9922284
3658,9922244
3659,9922234
3660,9922184
3661,9922174
3662,9922124
3663,9922104
3664,9922094
3665,9922054
3666,9922024
3667,9922014
3668,9921924
3669,9921894
3670,9921884
3671,9921874
3672,9921844
3673,9921824
3674,9921784
3675,9921754
3676,9921744
3677,9921724
3678,9921694
3679,9921684
3680,9921664
3681,9921654
3682,9921644
3683,9921594
3684,9921564
3685,9921554
3686,9921514
3687,9921454
3688,9921414
3689,9921374
3690,9921364
3691,9921354
3692,9921344
3693,9921304
3694,9921294
3695,9921274
3696,9921244
3697,9921234
3698,9921224
3699,9921214
3700,9921164
3701,9921154
3702,9921124
3703,9921104
3704,9921074
3705,9921064
3706,9921054
3707,9921044
3708,9921034
3709,9921014
3710,9920964
3711,9920924
3712,9920904
3713,9920874
3714,9920864
3715,9920824
3716,9920814
3717,9920794
3718,9920774
3719,9920764
3720,9920754
3721,9920744
3722,9920733
3723,9920724
3724,9920704
3725,9920684
3726,9920664
3727,9920644
3728,9920624
3729,9920574
3730,9920564
3731,9920554
3732,9920504
3733,9920474
3734,9920434
3735,9920374
3736,9920364
3737,9920334
3738,9920304
3739,9920284
3740,9920274
3741,9920264
3742,9920244
3743,9920214
3744,9920204
3745,9920164
3746,9920154
3747,9920114
3748,9920104
3749,9920084
3750,9920074
3751,9920064
3752,9920044
3753,9920014
3754,9919994
3755,9919954
3756,9919934
3757,9919914
3758,9919884
3759,9919874
3760,9919864
3761,9919854
3762,9919844
3763,9919834
3764,9919784
3765,9919704
3766,9919664
3767,9919634
3768,9919624
3769,9919614
3770,9919604
3771,9919594
3772,9919574
3773,9919564
3774,9919544
3775,9919514
3776,9919504
3777,9919474
3778,9919454
3779,9919374
3780,9919354
3781,9919324
3782,9919294
3783,9919274
3784,9919264
3785,9919254
3786,9919224
3787,9919204
3788,9919194
3789,9919184
3790,9919174
3791,9919144
3792,9919134
3793,9919054
3794,9919024
3795,9919004
3796,9918994
3797,9918964
3798,9918934
3799,9918924
3800,9918894
3801,9918884
3802,9918874
3803,9918864
3804,9918824
3805,9918774
3806,9918764
3807,9918754
3808,9918734
3809,9918724
3810,9918714
3811,9918684
3812,9918674
3813,9918584
3814,9918574
3815,9918564
3816,9918554
3817,9918484
3818,9918444
3819,9918424
3820,9918414
3821,9918404
3822,9918364
3823,9918344
3824,9918334
3825,9918284
3826,9918214
3827,9918204
3828,9918184
3829,9918144
3830,9918114
3831,9918104
3832,9918094
3833,9918084
3834,9918064
3835,9918054
3836,9917974
3837,9917934
3838,9917924
3839,9917914
3840,9917904
3841,9917894
3842,9917864
3843,9917824
3844,9917814
3845,9917774
3846,9917744
3847,9917704
3848,9917694
3849,9917684
3850,9917674
3851,9917654
3852,9917644
3853,9917604
3854,9917574
3855,9917554
3856,9917544
3857,9917534
3858,9917474
3859,9917464
3860,9917454
3861,9917404
3862,9917374
3863,9917354
3864,9917344
3865,9917294
3866,9917284
3867,9917274
3868,9917254
3869,9917224
3870,9917214
3871,9917204
3872,9917194
3873,9917184
3874,9917174
3875,9917144
3876,9917134
3877,9917114
3878,9917064
3879,9917024
3880,9916924
3881,9916914
3882,9916884
3883,9916864
3884,9916854
3885,9916844
3886,9916834
3887,9916814
3888,9916784
3889,9916774
3890,9916754
3891,9916744
3892,9916714
3893,9916694
3894,9916684
3895,9916664
3896,9916654
3897,9916644
3898,9916564
3899,9916554
3900,9916544
3901,9916524
3902,9916504
3903,9916494
3904,9916464
3905,9916414
3906,9916404
3907,9916394
3908,9916374
3909,9916344
3910,9916334
3911,9916284
3912,9916264
3913,9916244
3914,9916204
3915,9916164
3916,9916124
3917,9916114
3918,9916094
3919,9916084
3920,9916014
3921,9915984
3922,9915974
3923,9915964
3924,9915934
3925,9915924
3926,9915914
3927,9915904
3928,9915874
3929,9915864
3930,9915854
3931,9915844
3932,9915764
3933,9915754
3934,9915734
3935,9915724
3936,9915714
3937,9915704
3938,9915684
3939,9915664
3940,9915654
3941,9915624
3942,9915574
3943,9915544
3944,9915534
3945,9915454
3946,9915424
3947,9915414
3948,9915384
3949,9915334
3950,9915324
3951,9915304
3952,9915294
3953,9915284
3954,9915274
3955,9915254
3956,9915244
3957,9915184
3958,9915144
3959,9915124
3960,9915114
3961,9915094
3962,9915004
3963,9914974
3964,9914954
3965,9914944
3966,9914914
3967,9914884
3968,9914834
3969,9914794
3970,9914784
3971,9914774
3972,9914744
3973,9914704
3974,9914694
3975,9914684
3976,9914674
3977,9914614
3978,9914604
3979,9914594
3980,9914584
3981,9914544
3982,9914514
3983,9914504
3984,9914484
3985,9914464
3986,9914434
3987,9914404
3988,9914394
3989,9914384
3990,9914374
3991,9914364
3992,9914344
3993,9914334
3994,9914274
3995,9914264
3996,9914254
3997,9914244
3998,9914234
3999,9914224
4000,9914194
4001,9914174
4002,9914154
4003,9914114
4004,9914094
4005,9914074
4006,9914064
4007,9914054
4008,9913924
4009,9913914
4010,9913884
4011,9913874
4012,9913864
4013,9913854
4014,9913824
4015,9913814
4016,9913804
4017,9913794
4018,9913784
4019,9913764
4020,9913754
4021,9913724
4022,9913714
4023,9913694
4024,9913624
4025,9913614
4026,9913544
4027,9913494
4028,9913394
4029,9913334
4030,9913324
4031,9913314
4032,9913284
4033,9913244
4034,9913234
4035,9913214
4036,9913184
4037,9913174
4038,9913164
4039,9913144
4040,9913114
4041,9913104
4042,9913054
4043,9913024
4044,9913014
4045,9913004
4046,9912974
4047,9912964
4048,9912954
4049,9912874
4050,9912854
4051,9912844
4052,9912824
4053,9912814
4054,9912784
4055,9912764
4056,9912744
4057,9912734
4058,9912714
4059,9912684
4060,9912654
4061,9912614
4062,9912584
4063,9912544
4064,9912514
4065,9912494
4066,9912434
4067,9912424
4068,9912404
4069,9912364
4070,9912354
4071,9912344
4072,9912324
4073,9912314
4074,9912274
4075,9912264
4076,9912254
4077,9912244
4078,9912224
4079,9912134
4080,9912124
4081,9912114
4082,9912054
4083,9912044
4084,9912004
4085,9911994
4086,9911954
4087,9911944
4088,9911914
4089,9911894
4090,9911874
4091,9911834
4092,9911794
4093,9911764
4094,9911734
4095,9911714
4096,9911694
4097,9911654
4098,9911644
4099,9911624
4100,9911604
4101,9911594
4102,9911584
4103,9911544
4104,9911494
4105,9911484
4106,9911474
4107,9911464
4108,9911424
4109,9911414
4110,9911404
4111,9911394
4112,9911384
4113,9911364
4114,9911344
4115,9911324
4116,9911314
4117,9911304
4118,9911264
4119,9911244
4120,9911234
4121,9911224
4122,9911214
4123,9911204
4124,9911194
4125,9911174
4126,9911154
4127,9911134
4128,9911034
4129,9911024
4130,9911014
4131,9911004
4132,9910984
4133,9910974
4134,9910954
4135,9910924
4136,9910884
4137,9910874
4138,9910864
4139,9910824
4140,9910814
4141,9910764
4142,9910744
4143,9910684
4144,9910664
4145,9910604
4146,9910494
4147,9910484
4148,9910474
4149,9910444
4150,9910434
4151,9910404
4152,9910394
4153,9910384
4154,9910374
4155,9910354
4156,9910344
4157,9910324
4158,9910314
4159,9910304
4160,9910254
4161,9910244
4162,9910194
4163,9910184
4164,9910144
4165,9910134
4166,9910114
4167,9910104
4168,9910084
4169,9910064
4170,9910004
4171,9909984
4172,9909964
4173,9909934
4174,9909924
4175,9909894
4176,9909884
4177,9909854
4178,9909814
4179,9909744
4180,9909724
4181,9909714
4182,9909704
4183,9909694
4184,9909664
4185,9909654
4186,9909634
4187,9909584
4188,9909564
4189,9909594
4190,9909544
4191,9909534
4192,9909524
4193,9909514
4194,9909494
4195,9909474
4196,9909464
4197,9909454
4198,9909444
4199,9909434
4200,9909415
4201,9909405
4202,9909385
4203,9909375
4204,9909315
4205,9909305
4206,9909295
4207,9909285
4208,9909275
4209,9909255
4210,9909205
4211,9909185
4212,9909165
4213,9909155
4214,9909135
4215,9909115
4216,9909055
4217,9909025
4218,9909015
4219,9908985
4220,9908975
4221,9908965
4222,9908945
4223,9908935
4224,9908925
4225,9908915
4226,9908885
4227,9908835
4228,9908815
4229,9908795
4230,9908775
4231,9908765
4232,9908755
4233,9908745
4234,9908735
4235,9908725
4236,9908705
4237,9908695
4238,9908675
4239,9908655
4240,9908605
4241,9908575
4242,9908545
4243,9908465
4244,9908435
4245,9908395
4246,9908375
4247,9908355
4248,9908335
4249,9908325
4250,9908295
4251,9908285
4252,9908255
4253,9908235
4254,9908195
4255,9908175
4256,9908145
4257,9908135
4258,9908085
4259,9908055
4260,9908005
4261,9907995
4262,9907975
4263,9907965
4264,9907955
4265,9907945
4266,9907935
4267,9907915
4268,9907905
4269,9907895
4270,9907875
4271,9907845
4272,9907835
4273,9907825
4274,9907815
4275,9907803
4276,9907793
4277,9907783
4278,9907773
4279,9907753
4280,9907723
4281,9907653
4282,9907643
4283,9907633
4284,9907613
4285,9907593
4286,9907583
4287,9907573
4288,9907533
4289,9907503
4290,9907483
4291,9907453
4292,9907443
4293,9907433
4294,9907423
4295,9907413
4296,9907393
4297,9907363
4298,9907323
4299,9907273
4300,9907233
4301,9907223
4302,9907183
4303,9907173
4304,9907153
4305,9907133
4306,9907123
4307,9907113
4308,9906963
4309,9906923
4310,9906913
4311,9906833
4312,9906803
4313,9906793
4314,9906773
4315,9906763
4316,9906683
4317,9906553
4318,9906513
4319,9906503
4320,9906483
4321,9906473
4322,9906463
4323,9906443
4324,9906433
4325,9906423
4326,9906413
4327,9906403
4328,9906393
4329,9906383
4330,9906303
4331,9906293
4332,9906273
4333,9906263
4334,9906213
4335,9906193
4336,9906183
4337,9906163
4338,9906133
4339,9906113
4340,9906103
4341,9906033
4342,9906003
4343,9905993
4344,9905963
4345,9905953
4346,9905933
4347,9905913
4348,9905903
4349,9905893
4350,9905883
4351,9905863
4352,9905853
4353,9905823
4354,9905783
4355,9905763
4356,9905683
4357,9905673
4358,9905653
4359,9905643
4360,9905603
4361,9905553
4362,9905543
4363,9905503
4364,9905463
4365,9905423
4366,9905403
4367,9905393
4368,9905353
4369,9905293
4370,9905283
4371,9905263
4372,9905243
4373,9905223
4374,9905203
4375,9905093
4376,9905063
4377,9905033
4378,9905003
4379,9904943
4380,9904933
4381,9904893
4382,9904873
4383,9904853
4384,9904843
4385,9904823
4386,9904813
4387,9904793
4388,9904773
4389,9904763
4390,9904753
4391,9904743
4392,9904723
4393,9904713
4394,9904703
4395,9904643
4396,9904593
4397,9904583
4398,9904513
4399,9904503
4400,9904493
4401,9904453
4402,9904433
4403,9904373
4404,9904363
4405,9904343
4406,9904273
4407,9904263
4408,9904243
4409,9904173
4410,9904153
4411,9904143
4412,9904133
4413,9904083
4414,9904043
4415,9904033
4416,9904023
4417,9903993
4418,9903983
4419,9903963
4420,9903903
4421,9903793
4422,9903763
4423,9903723
4424,9903703
4425,9903693
4426,9903663
4427,9903643
4428,9903613
4429,9903603
4430,9903553
4431,9903533
4432,9903523
4433,9903503
4434,9903473
4435,9903453
4436,9903443
4437,9903403
4438,9903393
4439,9903363
4440,9903323
4441,9903243
4442,9903233
4443,9903203
4444,9903143
4445,9903133
4446,9903123
4447,9903113
4448,9903053
4449,9903023
4450,9902993
4451,9902983
4452,9902853
4453,9902813
4454,9902683
4455,9902673
4456,9902663
4457,9902653
4458,9902563
4459,9902533
4460,9902503
4461,9902453
4462,9902433
4463,9902403
4464,9902393
4465,9902383
4466,9902323
4467,9902283
4468,9902263
4469,9902253
4470,9902153
4471,9902133
4472,9902073
4473,9902033
4474,9902013
4475,9902003
4476,9901973
4477,9901963
4478,9901953
4479,9901943
4480,9901853
4481,9901833
4482,9901793
4483,9901763
4484,9901723
4485,9901703
4486,9901693
4487,9901653
4488,9901633
4489,9901603
4490,9901593
4491,9901583
4492,9901403
4493,9901393
4494,9901363
4495,9901343
4496,9901303
4497,9901243
4498,9901123
4499,9901113
4500,9901103
4501,9901053
4502,9901043
4503,9901003
4504,9900963
4505,9900823
4506,9900793
4507,9900773
4508,9900753
4509,9900693
4510,9900683
4511,9900653
4512,9900633
4513,9900533
4514,9900503
4515,9900493
4516,9900483
4517,9900463
4518,9900443
4519,9900423
4520,9900393
4521,9900383
4522,9900373
4523,9900353
4524,9900343
4525,9900323
4526,9900313
4527,9900303
4528,9900243
4529,9900203
4530,9900193
4531,9900173
4532,9900143
4533,9900093
4534,9900073
4535,9900063
4536,9845963
4537,9841083
4538,9841043
4539,9841033
4540,9840863
4541,9840843
4542,9840793
4543,9840783
4544,9840773
4545,9840583
4546,9840533
4547,9840433
4548,9840413
4549,9840393
4550,9840383
4551,9840333
4552,9840293
4553,9840183
4554,9840133
4555,9840103
4556,9840053
4557,9840023
4558,9839993
4559,9839873
4560,9839853
4561,9839833
4562,9839813
4563,9839703
4564,9839673
4565,9839633
4566,9839573
4567,9839553
4568,9839543
4569,9839473
4570,9839463
4571,9839433
4572,9839423
4573,9839383
4574,9839313
4575,9839273
4576,9839253
4577,9839173
4578,9839123
4579,9839063
4580,9839033
4581,9839013
4582,9838963
4583,9838923
4584,9838903
4585,9838893
4586,9838813
4587,9838803
4588,9838773
4589,9838763
4590,9838753
4591,9838733
4592,9838723
4593,9838673
4594,9838663
4595,9838633
4596,9838613
4597,9838593
4598,9838573
4599,9838493
4600,9838483
4601,9838433
4602,9838333
4603,9838323
4604,9838313
4605,9838243
4606,9838183
4607,9838113
4608,9838073
4609,9837973
4610,9837963
4611,9837923
4612,9837913
4613,9837903
4614,9837893
4615,9837853
4616,9837833
4617,9837783
4618,9837763
4619,9837733
4620,9837693
4621,9837633
4622,9837613
4623,9837593
4624,9837563
4625,9837513
4626,9837473
4627,9837393
4628,9837373
4629,9837333
4630,9837303
4631,9837243
4632,9837203
4633,9837173
4634,9837053
4635,9836993
4636,9836973
4637,9836963
4638,9836953
4639,9836933
4640,9836923
4641,9836873
4642,9836853
4643,9836833
4644,9836793
4645,9836753
4646,9836683
4647,9836663
4648,9836643
4649,9836623
4650,9836593
4651,9836563
4652,9836503
4653,9836493
4654,9836463
4655,9836453
4656,9836393
4657,9836383
4658,9836343
4659,9836303
4660,9836293
4661,9836253
4662,9836203
4663,9836173
4664,9836083
4665,9836023
4666,9835983
4667,9835943
4668,9835923
4669,9835913
4670,9835883
4671,9835863
4672,9835833
4673,9835703
4674,9835683
4675,9835673
4676,9835663
4677,9835653
4678,9835633
4679,9835603
4680,9835573
4681,9835563
4682,9835543
4683,9835503
4684,9835483
4685,9835453
4686,9835393
4687,9835373
4688,9835343
4689,9835323
4690,9835293
4691,9835253
4692,9835223
4693,9835153
4694,9835123
4695,9835043
4696,9834993
4697,9834943
4698,9834913
4699,9834883
4700,9834863
4701,9834843
4702,9834783
4703,9834773
4704,9834663
4705,9834643
4706,9834543
4707,9834293
4708,9834263
4709,9834253
4710,9834233
4711,9834203
4712,9834173
4713,9834143
4714,9834103
4715,9834073
4716,9834053
4717,9833934
4718,9833873
4719,9833863
4720,9833823
4721,9833793
4722,9833773
4723,9833763
4724,9833753
4725,9833733
4726,9833713
4727,9833683
4728,9833653
4729,9833603
4730,9833593
4731,9833583
4732,9833573
4733,9833563
4734,9833553
4735,9833543
4736,9833533
4737,9833493
4738,9833483
4739,9833473
4740,9833423
4741,9833393
4742,9833353
4743,9833333
4744,9833323
4745,9833283
4746,9833263
4747,9833253
4748,9833243
4749,9833233
4750,9833223
4751,9833213
4752,9833203
4753,9833173
4754,9833163
4755,9833133
4756,9833113
4757,9833093
4758,9833053
4759,9833023
4760,9832943
4761,9832923
4762,9832883
4763,9832843
4764,9832823
4765,9832813
4766,9832793
4767,9832773
4768,9832713
4769,9832693
4770,9832643
4771,9832633
4772,9832623
4773,9832613
4774,9832603
4775,9832573
4776,9832553
4777,9832533
4778,9832523
4779,9832513
4780,9832503
4781,9832483
4782,9832443
4783,9832433
4784,9832393
4785,9832373
4786,9832363
4787,9832353
4788,9832343
4789,9832333
4790,9832303
4791,9832283
4792,9832273
4793,9832263
4794,9832223
4795,9832183
4796,9832173
4797,9832153
4798,9832093
4799,9832083
4800,9832073
4801,9832053
4802,9832033
4803,9832023
4804,9832003
4805,9831983
4806,9831923
4807,9831883
4808,9831843
4809,9831833
4810,9831823
4811,9831783
4812,9831773
4813,9831753
4814,9831733
4815,9831703
4816,9831693
4817,9831673
4818,9831633
4819,9831593
4820,9831583
4821,9831573
4822,9831563
4823,9831513
4824,9831463
4825,9831453
4826,9831443
4827,9831393
4828,9831373
4829,9831333
4830,9831323
4831,9831283
4832,9831273
4833,9831253
4834,9831243
4835,9831223
4836,9831213
4837,9831203
4838,9831183
4839,9831163
4840,9831153
4841,9831093
4842,9831073
4843,9831053
4844,9831003
4845,9830993
4846,9830973
4847,9830963
4848,9830953
4849,9830923
4850,9830913
4851,9830863
4852,9830853
4853,9830813
4854,9830803
4855,9830783
4856,9830773
4857,9830753
4858,9830743
4859,9830713
4860,9830703
4861,9830693
4862,9830663
4863,9830653
4864,9830613
4865,9830603
4866,9830593
4867,9830583
4868,9830563
4869,9830553
4870,9830523
4871,9830513
4872,9830503
4873,9830483
4874,9830463
4875,9830453
4876,9830423
4877,9830383
4878,9830293
4879,9830283
4880,9830273
4881,9830263
4882,9830243
4883,9830163
4884,9830143
4885,9830123
4886,9830113
4887,9830103
4888,9830083
4889,9830053
4890,9830043
4891,9830003
4892,9829963
4893,9829953
4894,9829933
4895,9829903
4896,9829893
4897,9829873
4898,9829863
4899,9829803
4900,9829773
4901,9829763
4902,9829713
4903,9829703
4904,9829683
4905,9829653
4906,9829643
4907,9829623
4908,9829613
4909,9829603
4910,9829523
4911,9829493
4912,9829483
4913,9829473
4914,9829463
4915,9829433
4916,9829413
4917,9829383
4918,9829363
4919,9829343
4920,9829283
4921,9829203
4922,9829183
4923,9829173
4924,9829163
4925,9829133
4926,9829113
4927,9829023
4928,9829003
4929,9828953
4930,9828903
4931,9828883
4932,9828863
4933,9828853
4934,9828833
4935,9828823
4936,9828783
4937,9828733
4938,9828723
4939,9828713
4940,9828703
4941,9828693
4942,9828663
4943,9828653
4944,9828643
4945,9828623
4946,9828583
4947,9828573
4948,9828563
4949,9828543
4950,9828483
4951,9828473
4952,9828423
4953,9828413
4954,9828393
4955,9828343
4956,9828323
4957,9828303
4958,9828273
4959,9828263
4960,9828243
4961,9828233
4962,9828193
4963,9828183
4964,9828173
4965,9828153
4966,9828143
4967,9828133
4968,9828093
4969,9828063
4970,9828043
4971,9828023
4972,9828013
4973,9828003
4974,9827983
4975,9827943
4976,9827923
4977,9827913
4978,9827873
4979,9827863
4980,9827853
4981,9827843
4982,9827823
4983,9827773
4984,9827763
4985,9827753
4986,9827743
4987,9827713
4988,9827683
4989,9827673
4990,9827663
4991,9827633
4992,9827613
4993,9827593
4994,9827563
4995,9827543
4996,9827473
4997,9827393
4998,9827363
4999,9827333
5000,9827323
5001,9827313
5002,9827303
5003,9827293
5004,9827283
5005,9827273
5006,9827253
5007,9827233
5008,9827223
5009,9827183
5010,9827173
5011,9827153
5012,9827143
5013,9827123
5014,9827093
5015,9827083
5016,9827073
5017,9827063
5018,9827053
5019,9827043
5020,9827033
5021,9827013
5022,9827003
5023,9826983
5024,9826963
5025,9826933
5026,9826903
5027,9826853
5028,9826813
5029,9826793
5030,9826763
5031,9826733
5032,9826723
5033,9826673
5034,9826613
5035,9826573
5036,9826553
5037,9826543
5038,9826513
5039,9826473
5040,9826463
5041,9826443
5042,9826423
5043,9826393
5044,9826353
5045,9826343
5046,9826333
5047,9826263
5048,9826223
5049,9826213
5050,9826203
5051,9826193
5052,9826183
5053,9826173
5054,9826143
5055,9826133
5056,9826093
5057,9826083
5058,9826073
5059,9826053
5060,9826033
5061,9826023
5062,9826003
5063,9825993
5064,9825973
5065,9825963
5066,9825953
5067,9825943
5068,9825933
5069,9825923
5070,9825913
5071,9825863
5072,9825793
5073,9825753
5074,9825713
5075,9825693
5076,9825673
5077,9825653
5078,9825603
5079,9825593
5080,9825573
5081,9825553
5082,9825533
5083,9825523
5084,9825453
5085,9825433
5086,9825423
5087,9825413
5088,9825383
5089,9825373
5090,9825353
5091,9825343
5092,9825313
5093,9825303
5094,9825283
5095,9825243
5096,9825213
5097,9825193
5098,9825183
5099,9825153
5100,9825133
5101,9825113
5102,9825103
5103,9825083
5104,9825073
5105,9824983
5106,9824953
5107,9824933
5108,9824923
5109,9824913
5110,9824903
5111,9824893
5112,9824883
5113,9824873
5114,9824833
5115,9824813
5116,9824803
5117,9824793
5118,9824783
5119,9824773
5120,9824763
5121,9824733
5122,9824723
5123,9824713
5124,9824703
5125,9824683
5126,9824643
5127,9824633
5128,9824623
5129,9824613
5130,9824603
5131,9824593
5132,9824583
5133,9824573
5134,9824553
5135,9824493
5136,9824473
5137,9824433
5138,9824393
5139,9824363
5140,9824323
5141,9824313
5142,9824283
5143,9824233
5144,9824223
5145,9824213
5146,9824193
5147,9824173
5148,9824123
5149,9824113
5150,9824093
5151,9824083
5152,9824063
5153,9824053
5154,9824013
5155,9824003
5156,9823993
5157,9823973
5158,9823963
5159,9823893
5160,9823853
5161,9823823
5162,9823753
5163,9823743
5164,9823713
5165,9823703
5166,9823663
5167,9823653
5168,9823623
5169,9823613
5170,9823593
5171,9823573
5172,9823563
5173,9823553
5174,9823533
5175,9823493
5176,9823483
5177,9823413
5178,9823403
5179,9823383
5180,9823373
5181,9823363
5182,9823343
5183,9823293
5184,9823243
5185,9823233
5186,9823223
5187,9823193
5188,9823183
5189,9823163
5190,9823093
5191,9823083
5192,9823073
5193,9823043
5194,9823033
5195,9822963
5196,9822893
5197,9822883
5198,9822863
5199,9822843
5200,9822803
5201,9822783
5202,9822763
5203,9822753
5204,9822703
5205,9822663
5206,9822643
5207,9822583
5208,9822563
5209,9822553
5210,9822533
5211,9822513
5212,9822473
5213,9822463
5214,9822433
5215,9822423
5216,9822413
5217,9822393
5218,9822373
5219,9822333
5220,9822323
5221,9822273
5222,9822253
5223,9822243
5224,9822203
5225,9822183
5226,9822163
5227,9822153
5228,9822133
5229,9822123
5230,9822113
5231,9822103
5232,9822093
5233,9822073
5234,9822053
5235,9822043
5236,9822033
5237,9822023
5238,9821993
5239,9821973
5240,9821923
5241,9821893
5242,9821873
5243,9821853
5244,9821803
5245,9821783
5246,9821733
5247,9821713
5248,9821703
5249,9821683
5250,9821673
5251,9821643
5252,9821623
5253,9821613
5254,9821603
5255,9821573
5256,9821563
5257,9821513
5258,9821453
5259,9821433
5260,9821413
5261,9821393
5262,9821373
5263,9821363
5264,9821353
5265,9821323
5266,9821313
5267,9821273
5268,9821243
5269,9821193
5270,9821173
5271,9821143
5272,9821133
5273,9821113
5274,9821103
5275,9821093
5276,9821083
5277,9821073
5278,9821043
5279,9820953
5280,9820933
5281,9820923
5282,9820913
5283,9820873
5284,9820863
5285,9820813
5286,9820803
5287,9820783
5288,9820763
5289,9820743
5290,9820703
5291,9820673
5292,9820663
5293,9820623
5294,9820603
5295,9820563
5296,9820513
5297,9820493
5298,9820473
5299,9820453
5300,9820423
5301,9820413
5302,9820363
5303,9820343
5304,9820333
5305,9820293
5306,9820233
5307,9820193
5308,9820163
5309,9820153
5310,9820133
5311,9820123
5312,9820113
5313,9820103
5314,9820093
5315,9820053
5316,9820043
5317,9820033
5318,9820013
5319,9820003
5320,9819973
5321,9819893
5322,9819883
5323,9819873
5324,9819863
5325,9819853
5326,9819823
5327,9819763
5328,9819723
5329,9819713
5330,9819693
5331,9819663
5332,9819653
5333,9819603
5334,9819563
5335,9819553
5336,9819543
5337,9819523
5338,9819483
5339,9819473
5340,9819463
5341,9819453
5342,9819443
5343,9819433
5344,9819423
5345,9819413
5346,9819403
5347,9819383
5348,9819373
5349,9819363
5350,9819353
5351,9819313
5352,9819283
5353,9819263
5354,9819243
5355,9819233
5356,9819173
5357,9819133
5358,9819113
5359,9819093
5360,9819073
5361,9819043
5362,9819003
5363,9818993
5364,9818983
5365,9818973
5366,9818913
5367,9818903
5368,9818843
5369,9818823
5370,9818793
5371,9818763
5372,9818743
5373,9818693
5374,9818673
5375,9818643
5376,9818623
5377,9818593
5378,9818563
5379,9818553
5380,9818533
5381,9818523
5382,9818513
5383,9818483
5384,9818463
5385,9818453
5386,9818413
5387,9818403
5388,9818363
5389,9818353
5390,9818343
5391,9818333
5392,9818323
5393,9818313
5394,9818244
5395,9818154
5396,9818014
5397,9818004
5398,9817924
5399,9817804
5400,9817714
5401,9817654
5402,9817624
5403,9817613
5404,9817403
5405,9817343
5406,9816914
5407,9816894
5408,9816774
5409,9816634
5410,9816494
5411,9816404
5412,9816394
5413,9816144
5414,9816064
5415,9815874
5416,9815814
5417,9815684
5418,9815124
5419,9815074
5420,9814134
5421,9814044
5422,9813834
5423,9813714
5424,9813674
5425,9813484
5426,9812524
5427,9812284
5428,9812244
5429,9812044
5430,9811854
5431,9811804
5432,9811614
5433,9811464
5434,9811334
5435,9811204
5436,9811094
5437,9810594
5438,9810574
5439,9810554
5440,9810374
5441,9810364
5442,9810084
5443,9810024
5444,9809664
5445,9808894
5446,9808624
5447,9808534
5448,9808304
5449,9808154
5450,9808044
5451,9807914
5452,9807874
5453,9807414
5454,9807384
5455,9807024
5456,9806864
5457,9806564
5458,9806224
5459,9806024
5460,9806004
5461,9805984
5462,9805824
5463,9805524
5464,9805484
5465,9805154
5466,9804994
5467,9804794
5468,9804524
5469,9804254
5470,9804174
5471,9804084
5472,9803994
5473,9803794
5474,9803684
5475,9803614
5476,9803484
5477,9803344
5478,9802814
5479,9802764
5480,9802124
5481,9802034
5482,9801604
5483,9801023
5484,9800985
5485,9800965
5486,9800955
5487,9800935
5488,9800925
5489,9800915
5490,9800885
5491,9800865
5492,9800845
5493,9800835
5494,9800825
5495,9800815
5496,9800805
5497,9800765
5498,9800755
5499,9800735
5500,9800715
5501,9800705
5502,9800695
5503,9800685
5504,9800675
5505,9800665
5506,9800655
5507,9800635
5508,9800625
5509,9800615
5510,9800605
5511,9800595
5512,9800555
5513,9800515
5514,9800505
5515,9800495
5516,9800475
5517,9800445
5518,9800435
5519,9800425
5520,9800415
5521,9800385
5522,9800375
5523,9800373
5524,9800365
5525,9800355
5526,9800345
5527,9800335
5528,9800325
5529,9800315
5530,9800305
5531,9800295
5532,9800285
5533,9800265
5534,9800255
5535,9800215
5536,9800205
5537,9800195
5538,9800185
5539,9800175
5540,9800165
5541,9800155
5542,9800145
5543,9800115
5544,9800105
5545,9800095
5546,9800043
5547,9800035
5548,9800025
5549,9791073
5550,9766903
5551,9753133
5552,9753003
5553,9752833
5554,9752563
5555,9752523
5556,9752393
5557,9752383
5558,9752333
5559,9752323
5560,9752313
5561,9752303
5562,9752293
5563,9752283
5564,9752273
5565,9752253
5566,9752243
5567,9752233
5568,9752223
5569,9752213
5570,9752193
5571,9752173
5572,9752163
5573,9752143
5574,9752133
5575,9752123
5576,9752113
5577,9752103
5578,9752093
5579,9752073
5580,9752063
5581,9752053
5582,9752023
5583,9752013
5584,9752003
5585,9751993
5586,9751983
5587,9751973
5588,9751963
5589,9751953
5590,9751943
5591,9751933
5592,9751923
5593,9751893
5594,9751873
5595,9751853
5596,9751813
5597,9751803
5598,9751783
5599,9751673
5600,9751653
5601,9751633
5602,9751593
5603,9751563
5604,9751513
5605,9751463
5606,9751363
5607,9751343
5608,9751253
5609,9751193
5610,9751183
5611,9750833
5612,9750063
5613,9750005
5614,9749955
5615,9749903
5616,9749863
5617,9749853
5618,9749833
5619,9749763
5620,9749723
5621,9749693
5622,9749663
5623,9749573
5624,9749553
5625,9749523
5626,9749493
5627,9749393
5628,9749383
5629,9749373
5630,9749343
5631,9749333
5632,9749303
5633,9749293
5634,9749213
5635,9749123
5636,9749093
5637,9749083
5638,9749063
5639,9749053
5640,9749043
5641,9749023
5642,9748993
5643,9748963
5644,9748903
5645,9748893
5646,9748883
5647,9748863
5648,9748843
5649,9748833
5650,9748823
5651,9748773
5652,9748763
5653,9748723
5654,9748653
5655,9748633
5656,9748583
5657,9748493
5658,9748453
5659,9748443
5660,9748353
5661,9748313
5662,9748293
5663,9748253
5664,9748243
5665,9748193
5666,9748183
5667,9748143
5668,9748133
5669,9748043
5670,9748033
5671,9748013
5672,9747933
5673,9747883
5674,9747873
5675,9747863
5676,9747783
5677,9747763
5678,9747713
5679,9747683
5680,9747633
5681,9747623
5682,9747613
5683,9747603
5684,9747593
5685,9747583
5686,9747533
5687,9747503
5688,9747493
5689,9747373
5690,9747363
5691,9747343
5692,9747303
5693,9747293
5694,9747283
5695,9747273
5696,9747223
5697,9747203
5698,9747143
5699,9747133
5700,9747123
5701,9747073
5702,9747053
5703,9747013
5704,9746943
5705,9746913
5706,9746873
5707,9746843
5708,9746763
5709,9746753
5710,9746743
5711,9746733
5712,9746713
5713,9746653
5714,9746633
5715,9746623
5716,9746603
5717,9746573
5718,9746523
5719,9746493
5720,9746443
5721,9746413
5722,9746273
5723,9746203
5724,9746193
5725,9746173
5726,9746163
5727,9746133
5728,9746103
5729,9746083
5730,9746063
5731,9746043
5732,9746023
5733,9745993
5734,9745983
5735,9745933
5736,9745903
5737,9745863
5738,9745843
5739,9745813
5740,9745763
5741,9745683
5742,9745643
5743,9745633
5744,9745583
5745,9745573
5746,9745553
5747,9745463
5748,9745413
5749,9745363
5750,9745343
5751,9745333
5752,9745303
5753,9745293
5754,9745283
5755,9745263
5756,9745243
5757,9745193
5758,9745183
5759,9745153
5760,9745103
5761,9745073
5762,9745043
5763,9744973
5764,9744933
5765,9744923
5766,9744873
5767,9744833
5768,9744753
5769,9744743
5770,9744733
5771,9744703
5772,9744693
5773,9744683
5774,9744673
5775,9744653
5776,9744623
5777,9744613
5778,9744573
5779,9744543
5780,9744523
5781,9744493
5782,9744483
5783,9744463
5784,9744453
5785,9744423
5786,9744373
5787,9744353
5788,9744293
5789,9744273
5790,9744253
5791,9744233
5792,9744213
5793,9744193
5794,9744173
5795,9744143
5796,9744133
5797,9744123
5798,9744103
5799,9744073
5800,9744063
5801,9744043
5802,9744003
5803,9743963
5804,9743943
5805,9743903
5806,9743833
5807,9743823
5808,9743803
5809,9743783
5810,9743763
5811,9743663
5812,9743643
5813,9743583
5814,9743523
5815,9743513
5816,9743493
5817,9743483
5818,9743473
5819,9743423
5820,9743413
5821,9743373
5822,9743303
5823,9743273
5824,9743193
5825,9743163
5826,9743153
5827,9743133
5828,9743093
5829,9743073
5830,9743063
5831,9743043
5832,9743023
5833,9742993
5834,9742963
5835,9742923
5836,9742873
5837,9742813
5838,9742793
5839,9742713
5840,9742693
5841,9742683
5842,9742633
5843,9742613
5844,9742603
5845,9742573
5846,9742553
5847,9742523
5848,9742513
5849,9742493
5850,9742473
5851,9742383
5852,9742363
5853,9742353
5854,9742303
5855,9742273
5856,9742253
5857,9742223
5858,9742213
5859,9742183
5860,9742173
5861,9742133
5862,9742113
5863,9742103
5864,9742093
5865,9742043
5866,9742033
5867,9741983
5868,9741953
5869,9741943
5870,9741923
5871,9741913
5872,9741873
5873,9741863
5874,9741813
5875,9741793
5876,9741733
5877,9741723
5878,9741703
5879,9741663
5880,9741653
5881,9741623
5882,9741593
5883,9741583
5884,9741543
5885,9741533
5886,9741493
5887,9741453
5888,9741433
5889,9741413
5890,9741373
5891,9741313
5892,9741253
5893,9741163
5894,9741133
5895,9741103
5896,9741093
5897,9741063
5898,9741013
5899,9740943
5900,9740933
5901,9740843
5902,9740803
5903,9740743
5904,9740713
5905,9740683
5906,9740673
5907,9740663
5908,9740643
5909,9740613
5910,9740593
5911,9740563
5912,9740553
5913,9740543
5914,9740513
5915,9740493
5916,9740453
5917,9740443
5918,9740433
5919,9740413
5920,9740403
5921,9740343
5922,9740283
5923,9740213
5924,9740193
5925,9740183
5926,9740133
5927,9740103
5928,9740063
5929,9740043
5930,9740033
5931,9740023
5932,9740013
5933,9740003
5934,9739923
5935,9739913
5936,9739873
5937,9739833
5938,9739823
5939,9739813
5940,9739793
5941,9739773
5942,9739763
5943,9739753
5944,9739723
5945,9739713
5946,9739693
5947,9739673
5948,9739653
5949,9739613
5950,9739533
5951,9739523
5952,9739503
5953,9739493
5954,9739483
5955,9739443
5956,9739383
5957,9739363
5958,9739353
5959,9739333
5960,9739323
5961,9739263
5962,9739253
5963,9739213
5964,9739193
5965,9739173
5966,9739153
5967,9739133
5968,9739123
5969,9739093
5970,9739083
5971,9739063
5972,9739053
5973,9739003
5974,9738993
5975,9738983
5976,9738953
5977,9738943
5978,9738933
5979,9738863
5980,9738853
5981,9738803
5982,9738793
5983,9738773
5984,9738763
5985,9738723
5986,9738663
5987,9738653
5988,9738643
5989,9738623
5990,9738603
5991,9738533
5992,9738523
5993,9738483
5994,9738473
5995,9738403
5996,9738353
5997,9738333
5998,9738323
5999,9738293
6000,9738263
6001,9738243
6002,9738173
6003,9738153
6004,9738143
6005,9738113
6006,9738053
6007,9738043
6008,9737993
6009,9737963
6010,9737943
6011,9737883
6012,9737863
6013,9737773
6014,9737703
6015,9737683
6016,9737673
6017,9737663
6018,9737633
6019,9737623
6020,9737613
6021,9737603
6022,9737593
6023,9737563
6024,9737553
6025,9737543
6026,9737503
6027,9737473
6028,9737433
6029,9737353
6030,9737333
6031,9737313
6032,9737213
6033,9737183
6034,9737153
6035,9737143
6036,9737073
6037,9737043
6038,9737033
6039,9737013
6040,9736983
6041,9736953
6042,9736893
6043,9736873
6044,9736843
6045,9736793
6046,9736783
6047,9736753
6048,9736733
6049,9736703
6050,9736693
6051,9736663
6052,9736653
6053,9736643
6054,9736633
6055,9736623
6056,9736603
6057,9736573
6058,9736563
6059,9736533
6060,9736473
6061,9736443
6062,9736423
6063,9736403
6064,9736343
6065,9736333
6066,9736323
6067,9736313
6068,9736303
6069,9736283
6070,9736253
6071,9736233
6072,9736223
6073,9736173
6074,9736103
6075,9736063
6076,9736033
6077,9736003
6078,9735983
6079,9735883
6080,9735833
6081,9735793
6082,9735783
6083,9735773
6084,9735743
6085,9735693
6086,9735653
6087,9735603
6088,9735593
6089,9735573
6090,9735553
6091,9735493
6092,9735423
6093,9735393
6094,9735363
6095,9735353
6096,9735323
6097,9735303
6098,9735293
6099,9735253
6100,9735243
6101,9735223
6102,9735143
6103,9735113
6104,9735103
6105,9735093
6106,9735073
6107,9735063
6108,9735043
6109,9734993
6110,9734983
6111,9734953
6112,9734943
6113,9734923
6114,9734903
6115,9734893
6116,9734883
6117,9734873
6118,9734853
6119,9734843
6120,9734823
6121,9734813
6122,9734803
6123,9734763
6124,9734693
6125,9734683
6126,9734653
6127,9734623
6128,9734613
6129,9734593
6130,9734573
6131,9734563
6132,9734553
6133,9734533
6134,9734483
6135,9734473
6136,9734443
6137,9734433
6138,9734403
6139,9734333
6140,9734283
6141,9734273
6142,9734263
6143,9734213
6144,9734153
6145,9734143
6146,9734043
6147,9734003
6148,9733983
6149,9733863
6150,9733853
6151,9733813
6152,9733803
6153,9733733
6154,9733713
6155,9733703
6156,9733683
6157,9733653
6158,9733643
6159,9733603
6160,9733343
6161,9733323
6162,9733293
6163,9733283
6164,9733273
6165,9733263
6166,9733253
6167,9733223
6168,9733203
6169,9733073
6170,9733023
6171,9732993
6172,9732943
6173,9732923
6174,9732893
6175,9732863
6176,9732853
6177,9732843
6178,9732813
6179,9732793
6180,9732693
6181,9732673
6182,9732653
6183,9732643
6184,9732633
6185,9732623
6186,9732553
6187,9732483
6188,9732463
6189,9732393
6190,9732343
6191,9732243
6192,9732193
6193,9732183
6194,9732073
6195,9732053
6196,9732013
6197,9731963
6198,9731953
6199,9731943
6200,9731913
6201,9731883
6202,9731853
6203,9731833
6204,9731783
6205,9731773
6206,9731743
6207,9731683
6208,9731663
6209,9731653
6210,9731633
6211,9731623
6212,9731573
6213,9731563
6214,9731523
6215,9731503
6216,9731493
6217,9731423
6218,9731383
6219,9731373
6220,9731363
6221,9731343
6222,9731323
6223,9731303
6224,9731293
6225,9731283
6226,9731273
6227,9731253
6228,9731233
6229,9731223
6230,9731213
6231,9731203
6232,9731123
6233,9731113
6234,9731053
6235,9731023
6236,9731013
6237,9730993
6238,9730983
6239,9730973
6240,9730913
6241,9730903
6242,9730873
6243,9730853
6244,9730813
6245,9730743
6246,9730733
6247,9730723
6248,9730703
6249,9730683
6250,9730663
6251,9730643
6252,9730583
6253,9730573
6254,9730543
6255,9730533
6256,9730493
6257,9730473
6258,9730463
6259,9730383
6260,9730313
6261,9730273
6262,9730263
6263,9730243
6264,9730183
6265,9730143
6266,9730133
6267,9730073
6268,9730033
6269,9730003
6270,9729973
6271,9729943
6272,9729933
6273,9729923
6274,9729913
6275,9729883
6276,9729863
6277,9729853
6278,9729843
6279,9729723
6280,9729713
6281,9729653
6282,9729623
6283,9729593
6284,9729583
6285,9729553
6286,9729493
6287,9729473
6288,9729453
6289,9729443
6290,9729433
6291,9729413
6292,804573
6293,9729353
6294,9729303
6295,9729283
6296,9729263
6297,9729253
6298,9729233
6299,9729213
6300,9729173
6301,9729103
6302,9729093
6303,9729063
6304,9728993
6305,9728973
6306,9728953
6307,9728873
6308,9728863
6309,9728853
6310,9728813
6311,9728793
6312,9728743
6313,9728713
6314,9728703
6315,9728693
6316,9728663
6317,9728653
6318,9728623
6319,9728583
6320,9728493
6321,9728483
6322,9728473
6323,9728433
6324,9728403
6325,9728343
6326,9728323
6327,9728253
6328,9728243
6329,9728223
6330,9728193
6331,9728163
6332,9728123
6333,9727993
6334,9727963
6335,9727883
6336,9727833
6337,9727823
6338,9727783
6339,9727713
6340,9727593
6341,9727543
6342,9727533
6343,9727513
6344,9727503
6345,9727493
6346,9727473
6347,9727453
6348,9727433
6349,9727413
6350,9727383
6351,9727303
6352,9727283
6353,9727243
6354,9727213
6355,9727183
6356,9727123
6357,9727113
6358,9727073
6359,9727033
6360,9727013
6361,9726993
6362,9726903
6363,9726883
6364,9726833
6365,9726823
6366,9726803
6367,9726743
6368,9726633
6369,9726553
6370,9726543
6371,9726513
6372,9726503
6373,9726493
6374,9726473
6375,9726433
6376,9726403
6377,9726393
6378,9726333
6379,9726303
6380,9726283
6381,9726253
6382,9726243
6383,9726203
6384,9726193
6385,9726153
6386,9726103
6387,9726063
6388,9726023
6389,9725963
6390,9725953
6391,9725933
6392,9725913
6393,9725843
6394,9725823
6395,9725813
6396,9725763
6397,9725693
6398,9725683
6399,9725663
6400,9725633
6401,9725603
6402,9725593
6403,9725523
6404,9725493
6405,9725483
6406,9725443
6407,9725433
6408,9725343
6409,9725313
6410,9725283
6411,9725243
6412,9725203
6413,9725183
6414,9725083
6415,9725053
6416,9725003
6417,9724833
6418,9724783
6419,9724753
6420,9724733
6421,9724723
6422,9724713
6423,9724683
6424,9724673
6425,9724663
6426,9724653
6427,9724643
6428,9724623
6429,9724593
6430,9724573
6431,9724563
6432,9724553
6433,9724523
6434,9724503
6435,9724493
6436,9724483
6437,9724463
6438,9724433
6439,9724423
6440,9724413
6441,9724323
6442,9724303
6443,9724293
6444,9724283
6445,9724213
6446,9723224
6447,9717213
6448,9717203
6449,9717123
6450,9715084
6451,9712254
6452,9711264
6453,9710544
6454,9710234
6455,9710023
6456,9708594
6457,9705854
6458,9704904
6459,9702294
6460,9701175
6461,9701165
6462,9701155
6463,9701135
6464,9701115
6465,9701105
6466,9701095
6467,9701075
6468,9701065
6469,9701055
6470,9701035
6471,9701015
6472,9700995
6473,9700985
6474,9700975
6475,9700965
6476,9700955
6477,9700935
6478,9700915
6479,9700905
6480,9700895
6481,9700885
6482,9700875
6483,9700845
6484,9700835
6485,9700825
6486,9700795
6487,9700785
6488,9700755
6489,9700745
6490,9700735
6491,9700705
6492,9700695
6493,9700685
6494,9700655
6495,9700645
6496,9700635
6497,9700625
6498,9700615
6499,9700605
6500,9700595
6501,9700575
6502,9700535
6503,9700525
6504,9700515
6505,9700505
6506,9700495
6507,9700485
6508,9700465
6509,9700455
6510,9700445
6511,9700415
6512,9700405
6513,9700385
6514,9700375
6515,9700365
6516,9700345
6517,9700325
6518,9700315
6519,9700305
6520,9700295
6521,9700285
6522,9700265
6523,9700245
6524,9700235
6525,9700215
6526,9700205
6527,9700185
6528,9700175
6529,9700155
6530,9700135
6531,9700125
6532,9700085
6533,9700075
6534,9700073
6535,9700065
6536,9700063
6537,9700025
6538,9666103
6539,9663783
6540,9663643
6541,9663593
6542,9663583
6543,9663543
6544,9663523
6545,9663503
6546,9663483
6547,9663473
6548,9663323
6549,9663293
6550,9663233
6551,9663203
6552,9663183
6553,9663153
6554,9663113
6555,9663083
6556,9663063
6557,9663013
6558,9662933
6559,9662753
6560,9662743
6561,9662733
6562,9662653
6563,9662635
6564,9662625
6565,9662615
6566,9662613
6567,9662605
6568,9662595
6569,9662565
6570,9662555
6571,9662545
6572,9662535
6573,9662515
6574,9662505
6575,9662495
6576,9662485
6577,9662475
6578,9662465
6579,9662455
6580,9662445
6581,9662435
6582,9662425
6583,9662405
6584,9662395
6585,9662375
6586,9661313
6587,9657593
6588,9656883
6589,9656663
6590,9656593
6591,9656543
6592,9656123
6593,9655923
6594,9655303
6595,9655243
6596,9655163
6597,9654893
6598,9654843
6599,9654693
6600,9654583
6601,9654533
6602,9654453
6603,9654373
6604,9654313
6605,9654283
6606,9654233
6607,9654213
6608,9654063
6609,9653743
6610,9653683
6611,9653633
6612,9653453
6613,9653403
6614,9653223
6615,9653143
6616,9652993
6617,9652603
6618,9652543
6619,9652523
6620,9652513
6621,9652503
6622,9652353
6623,9652043
6624,9651903
6625,9651853
6626,9651783
6627,9651753
6628,9651633
6629,9651593
6630,9651583
6631,9651403
6632,9651323
6633,9651313
6634,9651173
6635,9650933
6636,9650873
6637,9650853
6638,9650633
6639,9650333
6640,9649983
6641,9649843
6642,9649783
6643,9649313
6644,9649093
6645,9648983
6646,9648803
6647,9648713
6648,9648323
6649,9648233
6650,9648193
6651,9648183
6652,9648013
6653,9647693
6654,9647553
6655,9647513
6656,9647353
6657,9647053
6658,9646303
6659,9646203
6660,9645983
6661,9645953
6662,9645873
6663,9645863
6664,9645783
6665,9645423
6666,9645413
6667,9645393
6668,9645303
6669,9645233
6670,9645123
6671,9645093
6672,9645083
6673,9644963
6674,9644793
6675,9644683
6676,9644653
6677,9644583
6678,9644523
6679,9644333
6680,9644213
6681,9643893
6682,9643513
6683,9643213
6684,9643133
6685,9642983
6686,9642903
6687,9642623
6688,9642543
6689,9642473
6690,9642393
6691,9642343
6692,9642333
6693,9642013
6694,9642003
6695,9641993
6696,9641983
6697,9641913
6698,9641603
6699,9641393
6700,9641323
6701,9641253
6702,9641243
6703,9641073
6704,9640893
6705,9640863
6706,9640753
6707,9640623
6708,9640583
6709,9640373
6710,9640303
6711,9640203
6712,9640113
6713,9640023
6714,9639993
6715,9639403
6716,9639243
6717,9638953
6718,9638793
6719,9638623
6720,9638533
6721,9638323
6722,9638203
6723,9638153
6724,9637963
6725,9637913
6726,9637863
6727,9637593
6728,9637553
6729,9637543
6730,9637333
6731,9637203
6732,9637183
6733,9637063
6734,9636993
6735,9636953
6736,9636903
6737,9636873
6738,9636263
6739,9636253
6740,9636013
6741,9635623
6742,9635233
6743,9635213
6744,9635053
6745,9634593
6746,9634483
6747,9634323
6748,9634243
6749,9634163
6750,9634043
6751,9634033
6752,9633963
6753,9633953
6754,9633863
6755,9633853
6756,9633823
6757,9633663
6758,9633493
6759,9633353
6760,9633153
6761,9633113
6762,9633103
6763,9633023
6764,9632963
6765,9632333
6766,9632243
6767,9632123
6768,9632013
6769,9631953
6770,9631793
6771,9631663
6772,9631413
6773,9631313
6774,9630923
6775,9630833
6776,9630813
6777,9630783
6778,9630653
6779,9630613
6780,9630503
6781,9630473
6782,9630443
6783,9630343
6784,9630103
6785,9630013
6786,9629963
6787,9629953
6788,9629903
6789,9629783
6790,9629493
6791,9629453
6792,9629433
6793,9629413
6794,9629393
6795,9629373
6796,9629343
6797,9629283
6798,9629213
6799,9629163
6800,9629123
6801,9629093
6802,9628883
6803,9628853
6804,9628653
6805,9628563
6806,9628523
6807,9628463
6808,9628453
6809,9628433
6810,9627193
6811,9627153
6812,9627033
6813,9626903
6814,9626873
6815,9626863
6816,9626853
6817,9626803
6818,9626713
6819,9626673
6820,9626613
6821,9626553
6822,9626543
6823,9626513
6824,9626463
6825,9626383
6826,9626323
6827,9626313
6828,9626283
6829,9626183
6830,9626123
6831,9626103
6832,9625913
6833,9625883
6834,9625853
6835,9625813
6836,9625793
6837,9625743
6838,9625713
6839,9625673
6840,9625633
6841,9625603
6842,9625533
6843,9625503
6844,9624753
6845,9611843
6846,9601105
6847,9601095
6848,9601025
6849,9601005
6850,9600965
6851,9600945
6852,9600935
6853,9600925
6854,9600905
6855,9600865
6856,9600845
6857,9600805
6858,9600795
6859,9600785
6860,9600755
6861,9600725
6862,9600685
6863,9600665
6864,9600655
6865,9600575
6866,9600525
6867,9600505
6868,9600495
6869,9600485
6870,9600465
6871,9600455
6872,9600445
6873,9600425
6874,9600415
6875,9600325
6876,9600315
6877,9600285
6878,9600245
6879,9600215
6880,9600195
6881,9600175
6882,9600165
6883,9600155
6884,9600053
6885,9600045
6886,9600035
6887,9559933
6888,9535433
6889,9533943
6890,9529723
6891,9527993
6892,9523153
6893,9521773
6894,9518143
6895,9516965
6896,9516815
6897,9427243
6898,9423403
6899,9401875
6900,9933853
